飞机转场记录号,到达日期,到达时刻,到达航班,到达类型,飞机型号,出发日期,出发时刻,出发航班,出发类型,"上线机场","下线机场",L,到达时刻,出发时刻,F_aI,F_aD,F_oI,F_oD,修正到达时刻,偏移出发时刻,修正出发时刻,到达相对时间min,出发相对时间min,占用开始索引,占用结束索引
PK062,2018/1/19 0:00,14:55:00,GN0523,D,N,2018/1/20 0:00,16:20:00,GN0256,D,NJH,ZDV,0,2018/1/19 14:55,2018/1/20 16:20,0,1,0,1,2018/1/20 0:00,2018/1/20 17:05,2018/1/20 17:05,0,1025,0,205
PK072,2018/1/19 0:00,15:35:00,GN0497,D,N,2018/1/20 0:00,17:05:00,GN0644,D,OOH,YNO,0,2018/1/19 15:35,2018/1/20 17:05,0,1,0,1,2018/1/20 0:00,2018/1/20 17:50,2018/1/20 17:50,0,1070,0,214
PK089,2018/1/19 0:00,16:30:00,NV663,I,W,2018/1/20 0:00,13:30:00,NV692,I,MIS,ZWS,1,2018/1/19 16:30,2018/1/20 13:30,1,0,1,0,2018/1/20 0:00,2018/1/20 14:15,2018/1/20 14:15,0,855,0,171
PK094,2018/1/19 0:00,16:55:00,NV693,I,W,2018/1/20 0:00,13:00:00,NV662,I,ZWS,MIS,1,2018/1/19 16:55,2018/1/20 13:00,1,0,1,0,2018/1/20 0:00,2018/1/20 13:45,2018/1/20 13:45,0,825,0,165
PK102,2018/1/19 0:00,17:35:00,GN0209,D,N,2018/1/20 0:00,13:50:00,GN0658,D,BPH,UHP,0,2018/1/19 17:35,2018/1/20 13:50,0,1,0,1,2018/1/20 0:00,2018/1/20 14:35,2018/1/20 14:35,0,875,0,175
PK104,2018/1/19 0:00,17:50:00,NV697,I,W,2018/1/20 0:00, 0:20,NV840,I,MBY,NFM,1,2018/1/19 17:50,2018/1/20 0:20,1,0,1,0,2018/1/20 0:00,2018/1/20 1:05,2018/1/20 1:05,0,65,0,13
PK106,2018/1/19 0:00,17:55:00,NV6489,D,W,2018/1/20 0:00, 0:55,NV880,I,TZY,BLM,1,2018/1/19 17:55,2018/1/20 0:55,0,1,1,0,2018/1/20 0:00,2018/1/20 1:40,2018/1/20 1:40,0,100,0,20
PK107,2018/1/19 0:00,18:00:00,NV601,I,W,2018/1/20 0:00,0:05:00,NV664,I,TGP,DEH,1,2018/1/19 18:00,2018/1/20 0:05,1,0,1,0,2018/1/20 0:00,2018/1/20 0:50,2018/1/20 0:50,0,50,0,10
PK108,2018/1/19 0:00,18:05:00,NV821,I,W,2018/1/20 0:00, 0:20,NV608,I,NBE,ZWS,1,2018/1/19 18:05,2018/1/20 0:20,1,0,1,0,2018/1/20 0:00,2018/1/20 1:05,2018/1/20 1:05,0,65,0,13
PK112,2018/1/19 0:00,18:20:00,NV6253,D,N,2018/1/20 0:00,10:10:00,NV316,I,MMW,DOY,0,2018/1/19 18:20,2018/1/20 10:10,0,1,1,0,2018/1/20 0:00,2018/1/20 10:55,2018/1/20 10:55,0,655,0,131
PK117,2018/1/19 0:00,18:35:00,NV6779,D,N,2018/1/20 0:00, 7:45,NV6738,D,EMD,EMD,0,2018/1/19 18:35,2018/1/20 7:45,0,1,0,1,2018/1/20 0:00,2018/1/20 8:30,2018/1/20 8:30,0,510,0,102
PK129,2018/1/19 0:00,19:20:00,NV319,I,W,2018/1/20 0:00,0:05:00,NV846,I,ZZA,TZE,1,2018/1/19 19:20,2018/1/20 0:05,1,0,1,0,2018/1/20 0:00,2018/1/20 0:50,2018/1/20 0:50,0,50,0,10
PK131,2018/1/19 0:00,19:30:00,NV673,I,W,2018/1/20 0:00, 0:10,NV320,I,TZE,GSB,1,2018/1/19 19:30,2018/1/20 0:10,1,0,1,0,2018/1/20 0:00,2018/1/20 0:55,2018/1/20 0:55,0,55,0,11
PK136,2018/1/19 0:00,19:50:00,NV6753,D,N,2018/1/20 0:00, 8:15,NV6358,D,EMD,EBU,0,2018/1/19 19:50,2018/1/20 8:15,0,1,0,1,2018/1/20 0:00,2018/1/20 9:00,2018/1/20 9:00,0,540,0,108
PK142,2018/1/19 0:00,20:10:00,GN0237,D,N,2018/1/20 0:00,10:40:00,GN920,I,SJA,UTB,0,2018/1/19 20:10,2018/1/20 10:40,0,1,1,0,2018/1/20 0:00,2018/1/20 11:25,2018/1/20 11:25,0,685,0,137
PK144,2018/1/19 0:00,20:10:00,NV621,I,N,2018/1/20 0:00, 1:50,NV322,I,ILH,NOM,0,2018/1/19 20:10,2018/1/20 1:50,1,0,1,0,2018/1/20 0:00,2018/1/20 2:35,2018/1/20 2:35,0,155,0,31
PK145,2018/1/19 0:00,20:10:00,NV6317,D,N,2018/1/20 0:00,13:55:00,NV6540,D,ITO,UTO,0,2018/1/19 20:10,2018/1/20 13:55,0,1,0,1,2018/1/20 0:00,2018/1/20 14:40,2018/1/20 14:40,0,880,0,176
PK147,2018/1/19 0:00,20:15:00,NV6725,D,N,2018/1/20 0:00, 8:20,NV6724,D,ISC,ISC,0,2018/1/19 20:15,2018/1/20 8:20,0,1,0,1,2018/1/20 0:00,2018/1/20 9:05,2018/1/20 9:05,0,545,0,109
PK148,2018/1/19 0:00,20:20:00,NV6549,D,N,2018/1/20 0:00, 9:30,NV306,I,OBP,LJK,0,2018/1/19 20:20,2018/1/20 9:30,0,1,1,0,2018/1/20 0:00,2018/1/20 10:15,2018/1/20 10:15,0,615,0,123
PK149,2018/1/19 0:00,20:25:00,NV317,I,N,2018/1/20 0:00, 0:15,NV6134,I,DOY,DFC,0,2018/1/19 20:25,2018/1/20 0:15,1,0,1,0,2018/1/20 0:00,2018/1/20 1:00,2018/1/20 1:00,0,60,0,12
PK150,2018/1/19 0:00,20:25:00,NV3278,D,N,2018/1/20 0:00, 6:40,NV3446,D,YJZ,YJZ,0,2018/1/19 20:25,2018/1/20 6:40,0,1,0,1,2018/1/20 0:00,2018/1/20 7:25,2018/1/20 7:25,0,445,0,89
PK151,2018/1/19 0:00,20:30:00,NV6117,I,W,2018/1/20 0:00,10:05:00,NV866,D,UQF,LNH,1,2018/1/19 20:30,2018/1/20 10:05,1,0,0,1,2018/1/20 0:00,2018/1/20 10:50,2018/1/20 10:50,0,650,0,130
PK155,2018/1/19 0:00,20:45:00,NV6375,D,N,2018/1/20 0:00,9:00:00,NV6230,D,ZOU,QFL,0,2018/1/19 20:45,2018/1/20 9:00,0,1,0,1,2018/1/20 0:00,2018/1/20 9:45,2018/1/20 9:45,0,585,0,117
PK156,2018/1/19 0:00,21:00:00,NV6495,D,N,2018/1/20 0:00,8:00:00,NV6154,I,AZJ,QVT,0,2018/1/19 21:00,2018/1/20 8:00,0,1,1,0,2018/1/20 0:00,2018/1/20 8:45,2018/1/20 8:45,0,525,0,105
PK159,2018/1/19 0:00,21:05:00,NV651,I,W,2018/1/20 0:00,12:30:00,NV898,I,IOE,GDP,1,2018/1/19 21:05,2018/1/20 12:30,1,0,1,0,2018/1/20 0:00,2018/1/20 13:15,2018/1/20 13:15,0,795,0,159
PK165,2018/1/19 0:00,21:20:00,NV6699,D,N,2018/1/20 0:00, 8:55,NV336,I,GPD,LJY,0,2018/1/19 21:20,2018/1/20 8:55,0,1,1,0,2018/1/20 0:00,2018/1/20 9:40,2018/1/20 9:40,0,580,0,116
PK168,2018/1/19 0:00,21:40:00,NV6241,D,N,2018/1/20 0:00, 9:25,NV6376,D,QFL,CIZ,0,2018/1/19 21:40,2018/1/20 9:25,0,1,0,1,2018/1/20 0:00,2018/1/20 10:10,2018/1/20 10:10,0,610,0,122
PK170,2018/1/19 0:00,21:50:00,NV3270,D,N,2018/1/20 0:00,8:05:00,NV3263,D,YJZ,YJZ,0,2018/1/19 21:50,2018/1/20 8:05,0,1,0,1,2018/1/20 0:00,2018/1/20 8:50,2018/1/20 8:50,0,530,0,106
PK171,2018/1/19 0:00,21:50:00,NV6319,D,N,2018/1/20 0:00, 8:30,NV6734,D,MAI,EMD,0,2018/1/19 21:50,2018/1/20 8:30,0,1,0,1,2018/1/20 0:00,2018/1/20 9:15,2018/1/20 9:15,0,555,0,111
PK173,2018/1/19 0:00,22:00:00,GN0541,D,N,2018/1/20 0:00, 6:40,GN0480,D,IOZ,LXM,0,2018/1/19 22:00,2018/1/20 6:40,0,1,0,1,2018/1/20 0:00,2018/1/20 7:25,2018/1/20 7:25,0,445,0,89
PK174,2018/1/19 0:00,22:00:00,NV6405,D,N,2018/1/20 0:00, 9:55,NV3280,D,DHP,ZOU,0,2018/1/19 22:00,2018/1/20 9:55,0,1,0,1,2018/1/20 0:00,2018/1/20 10:40,2018/1/20 10:40,0,640,0,128
PK175,2018/1/19 0:00,22:05:00,GN0489,D,N,2018/1/20 0:00, 7:30,GN0282,D,LXM,ISC,0,2018/1/19 22:05,2018/1/20 7:30,0,1,0,1,2018/1/20 0:00,2018/1/20 8:15,2018/1/20 8:15,0,495,0,99
PK177,2018/1/19 0:00,22:05:00,NV6769,D,N,2018/1/20 0:00, 8:35,NV612,I,IEH,ILH,0,2018/1/19 22:05,2018/1/20 8:35,0,1,1,0,2018/1/20 0:00,2018/1/20 9:20,2018/1/20 9:20,0,560,0,112
PK178,2018/1/19 0:00,22:10:00,GN945,I,N,2018/1/20 0:00, 9:40,GN0476,D,CLL,ZJI,0,2018/1/19 22:10,2018/1/20 9:40,1,0,0,1,2018/1/20 0:00,2018/1/20 10:25,2018/1/20 10:25,0,625,0,125
PK179,2018/1/19 0:00,22:15:00,NV6763,D,N,2018/1/20 0:00, 6:40,NV6748,D,ZOK,IEH,0,2018/1/19 22:15,2018/1/20 6:40,0,1,0,1,2018/1/20 0:00,2018/1/20 7:25,2018/1/20 7:25,0,445,0,89
PK180,2018/1/19 0:00,22:25:00,GN0247,D,N,2018/1/20 0:00, 6:55,GN0252,D,CBW,CQF,0,2018/1/19 22:25,2018/1/20 6:55,0,1,0,1,2018/1/20 0:00,2018/1/20 7:40,2018/1/20 7:40,0,460,0,92
PK181,2018/1/19 0:00,22:25:00,GN0645,D,N,2018/1/20 0:00, 8:55,GN0478,D,YNO,TIF,0,2018/1/19 22:25,2018/1/20 8:55,0,1,0,1,2018/1/20 0:00,2018/1/20 9:40,2018/1/20 9:40,0,580,0,116
PK182,2018/1/19 0:00,22:30:00,GN0291,D,N,2018/1/20 0:00,8:00:00,GN0522,D,DHR,NJH,0,2018/1/19 22:30,2018/1/20 8:00,0,1,0,1,2018/1/20 0:00,2018/1/20 8:45,2018/1/20 8:45,0,525,0,105
PK183,2018/1/19 0:00,22:30:00,GN0639,D,N,2018/1/20 0:00, 9:10,GN912,I,DBO,UTB,0,2018/1/19 22:30,2018/1/20 9:10,0,1,1,0,2018/1/20 0:00,2018/1/20 9:55,2018/1/20 9:55,0,595,0,119
PK184,2018/1/19 0:00,22:45:00,NV0747,D,N,2018/1/20 0:00,9:05:00,NV6446,D,LXM,TAY,0,2018/1/19 22:45,2018/1/20 9:05,0,1,0,1,2018/1/20 0:00,2018/1/20 9:50,2018/1/20 9:50,0,590,0,118
PK185,2018/1/19 0:00,22:50:00,NV617,I,N,2018/1/20 0:00, 8:55,NV6616,D,ILH,GPD,0,2018/1/19 22:50,2018/1/20 8:55,1,0,0,1,2018/1/20 0:00,2018/1/20 9:40,2018/1/20 9:40,0,580,0,116
PK186,2018/1/19 0:00,22:50:00,NV6379,D,N,2018/1/20 0:00, 9:50,NV872,I,ZCQ,LPK,0,2018/1/19 22:50,2018/1/20 9:50,0,1,1,0,2018/1/20 0:00,2018/1/20 10:35,2018/1/20 10:35,0,635,0,127
PK187,2018/1/19 0:00,22:55:00,NV6615,D,N,2018/1/20 0:00, 8:25,NV6548,D,HZT,OBP,0,2018/1/19 22:55,2018/1/20 8:25,0,1,0,1,2018/1/20 0:00,2018/1/20 9:10,2018/1/20 9:10,0,550,0,110
PK188,2018/1/19 0:00,23:00:00,NV6557,D,N,2018/1/20 0:00, 6:55,NV3286,D,LXF,ARA,0,2018/1/19 23:00,2018/1/20 6:55,0,1,0,1,2018/1/20 0:00,2018/1/20 7:40,2018/1/20 7:40,0,460,0,92
PK189,2018/1/19 0:00,23:10:00,GN0285,D,N,2018/1/20 0:00, 9:25,GN936,I,KOH,UPZ,0,2018/1/19 23:10,2018/1/20 9:25,0,1,1,0,2018/1/20 0:00,2018/1/20 10:10,2018/1/20 10:10,0,610,0,122
PK190,2018/1/19 0:00,23:10:00,NV3464,D,N,2018/1/20 0:00,10:15:00,NV6160,I,MIX,DKV,0,2018/1/19 23:10,2018/1/20 10:15,0,1,1,0,2018/1/20 0:00,2018/1/20 11:00,2018/1/20 11:00,0,660,0,132
PK191,2018/1/19 0:00,23:15:00,GN0363,D,N,2018/1/20 0:00,9:00:00,GN0414,D,IBL,DBO,0,2018/1/19 23:15,2018/1/20 9:00,0,1,0,1,2018/1/20 0:00,2018/1/20 9:45,2018/1/20 9:45,0,585,0,117
PK192,2018/1/19 0:00,23:20:00,GN0455,D,N,2018/1/20 0:00, 7:35,GN0234,D,EZH,UWT,0,2018/1/19 23:20,2018/1/20 7:35,0,1,0,1,2018/1/20 0:00,2018/1/20 8:20,2018/1/20 8:20,0,500,0,100
PK193,2018/1/19 0:00,23:20:00,NV3447,D,N,2018/1/20 0:00, 9:20,NV6504,D,YJZ,DLH,0,2018/1/19 23:20,2018/1/20 9:20,0,1,0,1,2018/1/20 0:00,2018/1/20 10:05,2018/1/20 10:05,0,605,0,121
PK194,2018/1/19 0:00,23:25:00,NV6471,D,N,2018/1/20 0:00,11:10:00,NV6656,D,TAY,ZOU,0,2018/1/19 23:25,2018/1/20 11:10,0,1,0,1,2018/1/20 0:00,2018/1/20 11:55,2018/1/20 11:55,0,715,0,143
PK195,2018/1/19 0:00,23:30:00,NV3195,D,N,2018/1/20 0:00,9:05:00,NV6514,D,UTO,DUV,0,2018/1/19 23:30,2018/1/20 9:05,0,1,0,1,2018/1/20 0:00,2018/1/20 9:50,2018/1/20 9:50,0,590,0,118
PK196,2018/1/19 0:00,23:40:00,GN0643,D,N,2018/1/20 0:00,14:10:00,NV6722,D,IBL,EMD,0,2018/1/19 23:40,2018/1/20 14:10,0,1,0,1,2018/1/20 0:00,2018/1/20 14:55,2018/1/20 14:55,0,895,0,179
PK197,2018/1/19 0:00,23:55:00,GN0405,D,N,2018/1/20 0:00, 9:25,GN0548,D,ETO,CBW,0,2018/1/19 23:55,2018/1/20 9:25,0,1,0,1,2018/1/20 0:00,2018/1/20 10:10,2018/1/20 10:10,0,610,0,122
PK208,2018/1/19 0:00,5:00:00,NV847,I,W,2018/1/20 0:00,14:20:00,NV690,I,TZE,TGP,1,2018/1/19 5:00,2018/1/20 14:20,1,0,1,0,2018/1/20 0:00,2018/1/20 15:05,2018/1/20 15:05,0,905,0,181
PK253,2018/1/20 0:00,10:00:00,NV6294,D,N,2018/1/20 0:00,12:40:00,NV3118,I,QFL,NGN,0,2018/1/20 10:00,2018/1/20 12:40,0,1,1,0,2018/1/20 10:00,2018/1/20 13:25,2018/1/20 13:25,600,805,120,161
PK254,2018/1/20 0:00,10:05:00,NV6513,D,N,2018/1/20 0:00,12:30:00,NV305,D,DUV,DUV,0,2018/1/20 10:05,2018/1/20 12:30,0,1,0,1,2018/1/20 10:05,2018/1/20 13:15,2018/1/20 13:15,605,795,121,159
PK255,2018/1/20 0:00,10:10:00,GN0411,D,N,2018/1/20 0:00,12:00:00,GN944,I,TXB,CLL,0,2018/1/20 10:10,2018/1/20 12:00,0,1,1,0,2018/1/20 10:10,2018/1/20 12:45,2018/1/20 12:45,610,765,122,153
PK256,2018/1/20 0:00,10:10:00,NV6443,D,N,2018/1/20 0:00,13:05:00,NV6488,D,TAY,TZY,0,2018/1/20 10:10,2018/1/20 13:05,0,1,0,1,2018/1/20 10:10,2018/1/20 13:50,2018/1/20 13:50,610,830,122,166
PK257,2018/1/20 0:00,10:15:00,NV3120,D,N,2018/1/20 0:00,11:15:00,NV3120,I,XVI,GTA,0,2018/1/20 10:15,2018/1/20 11:15,0,1,1,0,2018/1/20 10:15,2018/1/20 12:00,2018/1/20 12:00,615,720,123,144
PK258,2018/1/20 0:00,10:15:00,NV632,D,N,2018/1/20 0:00,11:45:00,NV632,I,YJZ,OSU,0,2018/1/20 10:15,2018/1/20 11:45,0,1,1,0,2018/1/20 10:15,2018/1/20 12:30,2018/1/20 12:30,615,750,123,150
PK259,2018/1/20 0:00,10:20:00,GN0495,D,N,2018/1/20 0:00,11:20:00,GN0460,D,OOH,AIB,0,2018/1/20 10:20,2018/1/20 11:20,0,1,0,1,2018/1/20 10:20,2018/1/20 12:05,2018/1/20 12:05,620,725,124,145
PK260,2018/1/20 0:00,10:20:00,NV323,I,N,2018/1/20 0:00,12:15:00,NV614,I,NOM,ILH,0,2018/1/20 10:20,2018/1/20 12:15,1,0,1,0,2018/1/20 10:20,2018/1/20 13:00,2018/1/20 13:00,620,780,124,156
PK261,2018/1/20 0:00,10:20:00,NV687,I,N,2018/1/20 0:00,12:15:00,NV6144,I,IOE,JDO,0,2018/1/20 10:20,2018/1/20 12:15,1,0,1,0,2018/1/20 10:20,2018/1/20 13:00,2018/1/20 13:00,620,780,124,156
PK262,2018/1/20 0:00,10:25:00,NV6731,D,N,2018/1/20 0:00,11:25:00,NV618,I,ISC,ILH,0,2018/1/20 10:25,2018/1/20 11:25,0,1,1,0,2018/1/20 10:25,2018/1/20 12:10,2018/1/20 12:10,625,730,125,146
PK263,2018/1/20 0:00,10:25:00,NV820,D,N,2018/1/20 0:00,11:35:00,NV820,I,MIX,OHP,0,2018/1/20 10:25,2018/1/20 11:35,0,1,1,0,2018/1/20 10:25,2018/1/20 12:20,2018/1/20 12:20,625,740,125,148
PK264,2018/1/20 0:00,10:30:00,GN0457,D,N,2018/1/20 0:00,13:05:00,GN0446,D,DHP,MGR,0,2018/1/20 10:30,2018/1/20 13:05,0,1,0,1,2018/1/20 10:30,2018/1/20 13:50,2018/1/20 13:50,630,830,126,166
PK265,2018/1/20 0:00,10:30:00,NV858,D,N,2018/1/20 0:00,12:15:00,NV858,I,LNH,LJY,0,2018/1/20 10:30,2018/1/20 12:15,0,1,1,0,2018/1/20 10:30,2018/1/20 13:00,2018/1/20 13:00,630,780,126,156
PK266,2018/1/20 0:00,10:35:00,NV6713,D,N,2018/1/20 0:00,12:25:00,NV6713,D,TIF,AIB,0,2018/1/20 10:35,2018/1/20 12:25,0,1,0,1,2018/1/20 10:35,2018/1/20 13:10,2018/1/20 13:10,635,790,127,158
PK267,2018/1/20 0:00,10:40:00,GN0271,D,N,2018/1/20 0:00,12:00:00,GN0236,D,DHR,SJA,0,2018/1/20 10:40,2018/1/20 12:00,0,1,0,1,2018/1/20 10:40,2018/1/20 12:45,2018/1/20 12:45,640,765,128,153
PK268,2018/1/20 0:00,10:40:00,NV303,I,N,2018/1/20 0:00,12:30:00,NV303,D,OHP,YJZ,0,2018/1/20 10:40,2018/1/20 12:30,1,0,0,1,2018/1/20 10:40,2018/1/20 13:15,2018/1/20 13:15,640,795,128,159
PK269,2018/1/20 0:00,10:45:00,NV643,I,N,2018/1/20 0:00,12:05:00,NV6732,D,GVL,EMD,0,2018/1/20 10:45,2018/1/20 12:05,1,0,0,1,2018/1/20 10:45,2018/1/20 12:50,2018/1/20 12:50,645,770,129,154
PK270,2018/1/20 0:00,11:00:00,NV305,I,N,2018/1/20 0:00,12:15:00,NV6316,D,IJK,ITO,0,2018/1/20 11:00,2018/1/20 12:15,1,0,0,1,2018/1/20 11:00,2018/1/20 13:00,2018/1/20 13:00,660,780,132,156
PK271,2018/1/20 0:00,11:00:00,NV6785,D,N,2018/1/20 0:00,13:10:00,NV398,I,EMD,PLB,0,2018/1/20 11:00,2018/1/20 13:10,0,1,1,0,2018/1/20 11:00,2018/1/20 13:55,2018/1/20 13:55,660,835,132,167
PK272,2018/1/20 0:00,11:05:00,NV6307,D,N,2018/1/20 0:00,18:05:00,NV6308,D,DUV,DUV,0,2018/1/20 11:05,2018/1/20 18:05,0,1,0,1,2018/1/20 11:05,2018/1/20 18:50,2018/1/20 18:50,665,1130,133,226
PK273,2018/1/20 0:00,11:20:00,NV6535,D,N,2018/1/20 0:00,12:10:00,*****,D,DLH,***,0,2018/1/20 11:20,2018/1/20 12:10,0,1,0,1,2018/1/20 11:20,2018/1/20 12:55,2018/1/20 12:55,680,775,136,155
PK274,2018/1/20 0:00,11:25:00,NV841,I,N,2018/1/20 0:00,13:15:00,NV610,I,LJY,ILH,0,2018/1/20 11:25,2018/1/20 13:15,1,0,1,0,2018/1/20 11:25,2018/1/20 14:00,2018/1/20 14:00,685,840,137,168
PK275,2018/1/20 0:00,12:00:00,NV835,I,N,2018/1/20 0:00,18:10:00,NV830,I,ILH,LJY,0,2018/1/20 12:00,2018/1/20 18:10,1,0,1,0,2018/1/20 12:00,2018/1/20 18:55,2018/1/20 18:55,720,1135,144,227
PK276,2018/1/20 0:00,12:20:00,NV6749,D,N,2018/1/20 0:00,13:25:00,NV6510,D,IEH,MZJ,0,2018/1/20 12:20,2018/1/20 13:25,0,1,0,1,2018/1/20 12:20,2018/1/20 14:10,2018/1/20 14:10,740,850,148,170
PK277,2018/1/20 0:00,12:25:00,GN0253,D,N,2018/1/20 0:00,13:35:00,GN0204,D,CQF,TIF,0,2018/1/20 12:25,2018/1/20 13:35,0,1,0,1,2018/1/20 12:25,2018/1/20 14:20,2018/1/20 14:20,745,860,149,172
PK278,2018/1/20 0:00,12:25:00,NV3703,I,N,2018/1/20 0:00,13:55:00,NV3703,D,OHP,XVI,0,2018/1/20 12:25,2018/1/20 13:55,1,0,0,1,2018/1/20 12:25,2018/1/20 14:40,2018/1/20 14:40,745,880,149,176
PK279,2018/1/20 0:00,12:40:00,GN0491,D,N,2018/1/20 0:00,15:50:00,GN0326,D,LXM,AVI,0,2018/1/20 12:40,2018/1/20 15:50,0,1,0,1,2018/1/20 12:40,2018/1/20 16:35,2018/1/20 16:35,760,995,152,199
PK280,2018/1/20 0:00,12:55:00,NV674,D,W,2018/1/20 0:00,14:25:00,NV674,I,QFL,EFM,1,2018/1/20 12:55,2018/1/20 14:25,0,1,1,0,2018/1/20 12:55,2018/1/20 15:10,2018/1/20 15:10,775,910,155,182
PK281,2018/1/20 0:00,13:00:00,GN0201,D,N,2018/1/20 0:00,14:05:00,GN930,I,KOA,QVT,0,2018/1/20 13:00,2018/1/20 14:05,0,1,1,0,2018/1/20 13:00,2018/1/20 14:50,2018/1/20 14:50,780,890,156,178
PK282,2018/1/20 0:00,13:05:00,NV3287,D,N,2018/1/20 0:00,16:30:00,NV6556,D,ARA,LXF,0,2018/1/20 13:05,2018/1/20 16:30,0,1,0,1,2018/1/20 13:05,2018/1/20 17:15,2018/1/20 17:15,785,1035,157,207
PK283,2018/1/20 0:00,13:10:00,GN0235,D,N,2018/1/20 0:00,14:20:00,GN0250,D,UWT,YNO,0,2018/1/20 13:10,2018/1/20 14:20,0,1,0,1,2018/1/20 13:10,2018/1/20 15:05,2018/1/20 15:05,790,905,158,181
PK284,2018/1/20 0:00,13:15:00,NV3266,D,N,2018/1/20 0:00,14:15:00,NV3269,D,YJZ,YJZ,0,2018/1/20 13:15,2018/1/20 14:15,0,1,0,1,2018/1/20 13:15,2018/1/20 15:00,2018/1/20 15:00,795,900,159,180
PK285,2018/1/20 0:00,13:20:00,NV6155,I,N,2018/1/20 0:00,14:25:00,NV6494,D,QVT,AZJ,0,2018/1/20 13:20,2018/1/20 14:25,1,0,0,1,2018/1/20 13:20,2018/1/20 15:10,2018/1/20 15:10,800,910,160,182
PK286,2018/1/20 0:00,13:25:00,NV6735,D,N,2018/1/20 0:00,14:30:00,NV6198,I,EMD,GVL,0,2018/1/20 13:25,2018/1/20 14:30,0,1,1,0,2018/1/20 13:25,2018/1/20 15:15,2018/1/20 15:15,805,915,161,183
PK287,2018/1/20 0:00,13:40:00,GN913,I,N,2018/1/20 0:00,14:45:00,GN938,I,UTB,JDO,0,2018/1/20 13:40,2018/1/20 14:45,1,0,1,0,2018/1/20 13:40,2018/1/20 15:30,2018/1/20 15:30,820,930,164,186
PK288,2018/1/20 0:00,13:40:00,NV6719,D,N,2018/1/20 0:00,14:50:00,NV6718,D,IJB,TIF,0,2018/1/20 13:40,2018/1/20 14:50,0,1,0,1,2018/1/20 13:40,2018/1/20 15:35,2018/1/20 15:35,820,935,164,187
PK289,2018/1/20 0:00,13:50:00,GN932,D,N,2018/1/20 0:00,14:55:00,GN932,I,DHP,LJY,0,2018/1/20 13:50,2018/1/20 14:55,0,1,1,0,2018/1/20 13:50,2018/1/20 15:40,2018/1/20 15:40,830,940,166,188
PK290,2018/1/20 0:00,13:50:00,NV383,I,N,2018/1/20 0:00,15:30:00,NV383,D,OSU,QFL,0,2018/1/20 13:50,2018/1/20 15:30,1,0,0,1,2018/1/20 13:50,2018/1/20 16:15,2018/1/20 16:15,830,975,166,195
PK291,2018/1/20 0:00,13:55:00,NV6727,D,N,2018/1/20 0:00,17:25:00,NV6768,D,ZLI,IEH,0,2018/1/20 13:55,2018/1/20 17:25,0,1,0,1,2018/1/20 13:55,2018/1/20 18:10,2018/1/20 18:10,835,1090,167,218
PK292,2018/1/20 0:00,14:00:00,NV6153,I,N,2018/1/20 0:00,15:45:00,NV6116,I,JDO,UQF,0,2018/1/20 14:00,2018/1/20 15:45,1,0,1,0,2018/1/20 14:00,2018/1/20 16:30,2018/1/20 16:30,840,990,168,198
PK293,2018/1/20 0:00,14:10:00,NV6575,D,N,2018/1/20 0:00,15:20:00,NV6574,D,IGF,IGF,0,2018/1/20 14:10,2018/1/20 15:20,0,1,0,1,2018/1/20 14:10,2018/1/20 16:05,2018/1/20 16:05,850,965,170,193
PK294,2018/1/20 0:00,14:20:00,NV3654,D,N,2018/1/20 0:00,15:25:00,NV6318,D,XVI,MAI,0,2018/1/20 14:20,2018/1/20 15:25,0,1,0,1,2018/1/20 14:20,2018/1/20 16:10,2018/1/20 16:10,860,970,172,194
PK295,2018/1/20 0:00,14:25:00,NV6171,I,N,2018/1/20 0:00,16:15:00,NV6742,D,DKV,GPD,0,2018/1/20 14:25,2018/1/20 16:15,1,0,0,1,2018/1/20 14:25,2018/1/20 17:00,2018/1/20 17:00,865,1020,173,204
PK296,2018/1/20 0:00,14:25:00,NV873,I,N,2018/1/20 0:00,15:40:00,NV6378,D,LPK,ZCQ,0,2018/1/20 14:25,2018/1/20 15:40,1,0,0,1,2018/1/20 14:25,2018/1/20 16:25,2018/1/20 16:25,865,985,173,197
PK297,2018/1/20 0:00,14:30:00,NV6709,D,N,2018/1/20 0:00,17:20:00,NV3273,D,DHR,YJZ,0,2018/1/20 14:30,2018/1/20 17:20,0,1,0,1,2018/1/20 14:30,2018/1/20 18:05,2018/1/20 18:05,870,1085,174,217
PK298,2018/1/20 0:00,14:35:00,NV6359,D,N,2018/1/20 0:00,16:30:00,NV6614,D,EBU,HZT,0,2018/1/20 14:35,2018/1/20 16:30,0,1,0,1,2018/1/20 14:35,2018/1/20 17:15,2018/1/20 17:15,875,1035,175,207
PK299,2018/1/20 0:00,14:40:00,GN0477,D,N,2018/1/20 0:00,16:10:00,GN0638,D,ZJI,DBO,0,2018/1/20 14:40,2018/1/20 16:10,0,1,0,1,2018/1/20 14:40,2018/1/20 16:55,2018/1/20 16:55,880,1015,176,203
PK300,2018/1/20 0:00,14:45:00,NV6685,D,N,2018/1/20 0:00,15:55:00,NV6685,D,LPX,UBP,0,2018/1/20 14:45,2018/1/20 15:55,0,1,0,1,2018/1/20 14:45,2018/1/20 16:40,2018/1/20 16:40,885,1000,177,200
PK301,2018/1/20 0:00,14:45:00,NV6711,D,N,2018/1/20 0:00,17:10:00,NV686,I,GPD,IOE,0,2018/1/20 14:45,2018/1/20 17:10,0,1,1,0,2018/1/20 14:45,2018/1/20 17:55,2018/1/20 17:55,885,1075,177,215
PK302,2018/1/20 0:00,14:50:00,GN953,I,N,2018/1/20 0:00,19:30:00,GN942,I,CLL,ILU,0,2018/1/20 14:50,2018/1/20 19:30,1,0,1,0,2018/1/20 14:50,2018/1/20 20:15,2018/1/20 20:15,890,1215,178,243
PK303,2018/1/20 0:00,14:50:00,NV613,I,N,2018/1/20 0:00,16:15:00,NV616,I,ILH,ILH,0,2018/1/20 14:50,2018/1/20 16:15,1,0,1,0,2018/1/20 14:50,2018/1/20 17:00,2018/1/20 17:00,890,1020,178,204
PK304,2018/1/20 0:00,14:50:00,NV681,I,W,2018/1/20 0:00,16:10:00,NV656,I,DEH,TJO,1,2018/1/20 14:50,2018/1/20 16:10,1,0,1,0,2018/1/20 14:50,2018/1/20 16:55,2018/1/20 16:55,890,1015,178,203
PK305,2018/1/20 0:00,14:55:00,GN0283,D,N,2018/1/20 0:00,15:55:00,GN0362,D,ISC,IBL,0,2018/1/20 14:55,2018/1/20 15:55,0,1,0,1,2018/1/20 14:55,2018/1/20 16:40,2018/1/20 16:40,895,1000,179,200
PK306,2018/1/20 0:00,14:55:00,GN0479,D,N,2018/1/20 0:00,16:05:00,GN0280,D,TIF,DHR,0,2018/1/20 14:55,2018/1/20 16:05,0,1,0,1,2018/1/20 14:55,2018/1/20 16:50,2018/1/20 16:50,895,1010,179,202
PK307,2018/1/20 0:00,14:55:00,GN0523,D,N,2018/1/20 0:00,16:35:00,GN0348,D,NJH,TZY,0,2018/1/20 14:55,2018/1/20 16:35,0,1,0,1,2018/1/20 14:55,2018/1/20 17:20,2018/1/20 17:20,895,1040,179,208
PK308,2018/1/20 0:00,15:00:00,NV899,I,W,2018/1/20 0:00,20:20:00,NV672,I,GDP,TZE,1,2018/1/20 15:00,2018/1/20 20:20,1,0,1,0,2018/1/20 15:00,2018/1/20 21:05,2018/1/20 21:05,900,1265,180,253
PK309,2018/1/20 0:00,15:00:00,*****,D,N,2018/1/20 0:00,15:50:00,NV3465,D,***,MIX,0,2018/1/20 15:00,2018/1/20 15:50,0,1,0,1,2018/1/20 15:00,2018/1/20 16:35,2018/1/20 16:35,900,995,180,199
PK310,2018/1/20 0:00,15:10:00,GN0423,D,N,2018/1/20 0:00,16:20:00,GN0642,D,DBO,IBL,0,2018/1/20 15:10,2018/1/20 16:20,0,1,0,1,2018/1/20 15:10,2018/1/20 17:05,2018/1/20 17:05,910,1025,182,205
PK311,2018/1/20 0:00,15:15:00,NV629,I,N,2018/1/20 0:00,16:50:00,NV629,D,GVL,XVI,0,2018/1/20 15:15,2018/1/20 16:50,1,0,0,1,2018/1/20 15:15,2018/1/20 17:35,2018/1/20 17:35,915,1055,183,211
PK312,2018/1/20 0:00,15:20:00,GN0203,D,N,2018/1/20 0:00,16:10:00,*****,D,EMD,***,0,2018/1/20 15:20,2018/1/20 16:10,0,1,0,1,2018/1/20 15:20,2018/1/20 16:55,2018/1/20 16:55,920,1015,184,203
PK313,2018/1/20 0:00,15:20:00,NV382,D,N,2018/1/20 0:00,16:55:00,NV382,I,QFL,OSU,0,2018/1/20 15:20,2018/1/20 16:55,0,1,1,0,2018/1/20 15:20,2018/1/20 17:40,2018/1/20 17:40,920,1060,184,212
PK314,2018/1/20 0:00,15:25:00,GN931,I,N,2018/1/20 0:00,17:00:00,GN980,I,UTB,LCW,0,2018/1/20 15:25,2018/1/20 17:00,1,0,1,0,2018/1/20 15:25,2018/1/20 17:45,2018/1/20 17:45,925,1065,185,213
PK315,2018/1/20 0:00,15:25:00,NV6453,D,N,2018/1/20 0:00,16:45:00,NV0746,D,TAY,LXM,0,2018/1/20 15:25,2018/1/20 16:45,0,1,0,1,2018/1/20 15:25,2018/1/20 17:30,2018/1/20 17:30,925,1050,185,210
PK316,2018/1/20 0:00,15:30:00,NV657,I,W,2018/1/20 0:00,19:45:00,NV848,I,TJO,NFM,1,2018/1/20 15:30,2018/1/20 19:45,1,0,1,0,2018/1/20 15:30,2018/1/20 20:30,2018/1/20 20:30,930,1230,186,246
PK317,2018/1/20 0:00,15:35:00,NV641,I,N,2018/1/20 0:00,16:40:00,NV6736,D,OHP,EMD,0,2018/1/20 15:35,2018/1/20 16:40,1,0,0,1,2018/1/20 15:35,2018/1/20 17:25,2018/1/20 17:25,935,1045,187,209
PK318,2018/1/20 0:00,15:40:00,GN965,I,N,2018/1/20 0:00,18:30:00,GN964,I,CLL,CLL,0,2018/1/20 15:40,2018/1/20 18:30,1,0,1,0,2018/1/20 15:40,2018/1/20 19:15,2018/1/20 19:15,940,1155,188,231
PK319,2018/1/20 0:00,15:45:00,NV302,D,N,2018/1/20 0:00,17:15:00,NV302,I,YJZ,OHP,0,2018/1/20 15:45,2018/1/20 17:15,0,1,1,0,2018/1/20 15:45,2018/1/20 18:00,2018/1/20 18:00,945,1080,189,216
PK320,2018/1/20 0:00,15:55:00,GN0549,D,N,2018/1/20 0:00,17:30:00,GN0404,D,CBW,ETO,0,2018/1/20 15:55,2018/1/20 17:30,0,1,0,1,2018/1/20 15:55,2018/1/20 18:15,2018/1/20 18:15,955,1095,191,219
PK321,2018/1/20 0:00,15:55:00,GN937,I,N,2018/1/20 0:00,17:00:00,GN0246,D,UPZ,CBW,0,2018/1/20 15:55,2018/1/20 17:00,1,0,0,1,2018/1/20 15:55,2018/1/20 17:45,2018/1/20 17:45,955,1065,191,213
PK322,2018/1/20 0:00,15:55:00,NV627,I,N,2018/1/20 0:00,19:15:00,NV3787,D,LJY,ZJI,0,2018/1/20 15:55,2018/1/20 19:15,1,0,0,1,2018/1/20 15:55,2018/1/20 20:00,2018/1/20 20:00,955,1200,191,240
PK323,2018/1/20 0:00,15:55:00,NV6657,D,N,2018/1/20 0:00,17:05:00,NV6462,D,ZOU,TAY,0,2018/1/20 15:55,2018/1/20 17:05,0,1,0,1,2018/1/20 15:55,2018/1/20 17:50,2018/1/20 17:50,955,1070,191,214
PK324,2018/1/20 0:00,15:55:00,NV813,I,N,2018/1/20 0:00,17:30:00,NV6162,I,ILH,JDO,0,2018/1/20 15:55,2018/1/20 17:30,1,0,1,0,2018/1/20 15:55,2018/1/20 18:15,2018/1/20 18:15,955,1095,191,219
PK325,2018/1/20 0:00,16:05:00,NV6715,D,N,2018/1/20 0:00,17:40:00,NV6710,D,TIF,IJB,0,2018/1/20 16:05,2018/1/20 17:40,0,1,0,1,2018/1/20 16:05,2018/1/20 18:25,2018/1/20 18:25,965,1105,193,221
PK326,2018/1/20 0:00,16:15:00,NV3260,D,N,2018/1/20 0:00,18:05:00,NV3277,D,YJZ,YJZ,0,2018/1/20 16:15,2018/1/20 18:05,0,1,0,1,2018/1/20 16:15,2018/1/20 18:50,2018/1/20 18:50,975,1130,195,226
PK327,2018/1/20 0:00,16:20:00,NV6377,D,N,2018/1/20 0:00,18:30:00,NV834,I,CIZ,ILH,0,2018/1/20 16:20,2018/1/20 18:30,0,1,1,0,2018/1/20 16:20,2018/1/20 19:15,2018/1/20 19:15,980,1155,196,231
PK328,2018/1/20 0:00,16:20:00,NV683,I,W,2018/1/21 0:00, 7:55,NV380,I,IOM,DUT,1,2018/1/20 16:20,2018/1/21 7:55,1,0,1,0,2018/1/20 16:20,2018/1/21 8:40,2018/1/20 23:55,980,1435,196,287
PK329,2018/1/20 0:00,16:30:00,NV3197,I,N,2018/1/20 0:00,17:35:00,NV6726,D,PLB,ZLI,0,2018/1/20 16:30,2018/1/20 17:35,1,0,0,1,2018/1/20 16:30,2018/1/20 18:20,2018/1/20 18:20,990,1100,198,220
PK330,2018/1/20 0:00,16:30:00,NV3702,D,N,2018/1/20 0:00,18:00:00,NV3702,I,XVI,OHP,0,2018/1/20 16:30,2018/1/20 18:00,0,1,1,0,2018/1/20 16:30,2018/1/20 18:45,2018/1/20 18:45,990,1125,198,225
PK331,2018/1/20 0:00,16:30:00,NV663,I,W,2018/1/20 0:00,20:05:00,NV6588,D,MIS,LNH,1,2018/1/20 16:30,2018/1/20 20:05,1,0,0,1,2018/1/20 16:30,2018/1/20 20:50,2018/1/20 20:50,990,1250,198,250
PK332,2018/1/20 0:00,16:35:00,NV304,D,N,2018/1/20 0:00,17:40:00,NV304,I,DUV,IJK,0,2018/1/20 16:35,2018/1/20 17:40,0,1,1,0,2018/1/20 16:35,2018/1/20 18:25,2018/1/20 18:25,995,1105,199,221
PK333,2018/1/20 0:00,16:35:00,NV635,I,W,2018/1/20 0:00,20:00:00,NV308,I,OSU,KGL,1,2018/1/20 16:35,2018/1/20 20:00,1,0,1,0,2018/1/20 16:35,2018/1/20 20:45,2018/1/20 20:45,995,1245,199,249
PK334,2018/1/20 0:00,16:40:00,NV307,I,N,2018/1/20 0:00,17:35:00,NV638,I,LJK,PLK,0,2018/1/20 16:40,2018/1/20 17:35,1,0,1,0,2018/1/20 16:40,2018/1/20 18:20,2018/1/20 18:20,1000,1100,200,220
PK335,2018/1/20 0:00,16:50:00,GN0637,D,N,2018/1/20 0:00,17:55:00,GN0636,D,XOA,XOA,0,2018/1/20 16:50,2018/1/20 17:55,0,1,0,1,2018/1/20 16:50,2018/1/20 18:40,2018/1/20 18:40,1010,1120,202,224
PK336,2018/1/20 0:00,16:55:00,NV391,I,W,2018/1/21 0:00,13:40:00,NV342,I,DUT,DNC,1,2018/1/20 16:55,2018/1/21 13:40,1,0,1,0,2018/1/20 16:55,2018/1/21 14:25,2018/1/20 23:55,1015,1435,203,287
PK337,2018/1/20 0:00,16:55:00,NV6717,D,N,2018/1/20 0:00,18:10:00,NV642,I,INJ,GVL,0,2018/1/20 16:55,2018/1/20 18:10,0,1,1,0,2018/1/20 16:55,2018/1/20 18:55,2018/1/20 18:55,1015,1135,203,227
PK338,2018/1/20 0:00,16:55:00,NV693,I,W,2018/1/21 0:00, 0:15,NV882,I,ZWS,BNT,1,2018/1/20 16:55,2018/1/21 0:15,1,0,1,0,2018/1/20 16:55,2018/1/21 1:00,2018/1/20 23:55,1015,1435,203,287
PK339,2018/1/20 0:00,17:00:00,*****,D,N,2018/1/20 0:00,17:50:00,GN0332,D,***,MIX,0,2018/1/20 17:00,2018/1/20 17:50,0,1,0,1,2018/1/20 17:00,2018/1/20 18:35,2018/1/20 18:35,1020,1115,204,223
PK340,2018/1/20 0:00,17:10:00,NV6119,I,W,2018/1/21 0:00,12:30:00,NV898,I,UQF,GDP,1,2018/1/20 17:10,2018/1/21 12:30,1,0,1,0,2018/1/20 17:10,2018/1/21 13:15,2018/1/20 23:55,1030,1435,206,287
PK341,2018/1/20 0:00,17:20:00,GN0299,D,N,2018/1/20 0:00,18:20:00,GN976,I,TIF,LCW,0,2018/1/20 17:20,2018/1/20 18:20,0,1,1,0,2018/1/20 17:20,2018/1/20 19:05,2018/1/20 19:05,1040,1145,208,229
PK342,2018/1/20 0:00,17:20:00,GN0333,D,N,2018/1/21 0:00,15:50:00,GN0326,D,MIX,AVI,0,2018/1/20 17:20,2018/1/21 15:50,0,1,0,1,2018/1/20 17:20,2018/1/21 16:35,2018/1/20 23:55,1040,1435,208,287
PK343,2018/1/20 0:00,17:30:00,NV6145,I,N,2018/1/21 0:00, 9:15,NV6152,I,JDO,JDO,0,2018/1/20 17:30,2018/1/21 9:15,1,0,1,0,2018/1/20 17:30,2018/1/21 10:00,2018/1/20 23:55,1050,1435,210,287
PK344,2018/1/20 0:00,17:30:00,NV619,I,N,2018/1/20 0:00,18:40:00,NV624,I,ILH,SFQ,0,2018/1/20 17:30,2018/1/20 18:40,1,0,1,0,2018/1/20 17:30,2018/1/20 19:25,2018/1/20 19:25,1050,1165,210,233
PK345,2018/1/20 0:00,17:35:00,GN0209,D,N,2018/1/20 0:00,21:00:00,GN0494,D,BPH,OOH,0,2018/1/20 17:35,2018/1/20 21:00,0,1,0,1,2018/1/20 17:35,2018/1/20 21:45,2018/1/20 21:45,1055,1305,211,261
PK346,2018/1/20 0:00,17:40:00,NV6301,D,N,2018/1/20 0:00,20:55:00,NV6720,D,AVI,ISC,0,2018/1/20 17:40,2018/1/20 20:55,0,1,0,1,2018/1/20 17:40,2018/1/20 21:40,2018/1/20 21:40,1060,1300,212,260
PK347,2018/1/20 0:00,17:50:00,NV697,I,W,2018/1/20 0:00,21:00:00,NV688,I,MBY,MBY,1,2018/1/20 17:50,2018/1/20 21:00,1,0,1,0,2018/1/20 17:50,2018/1/20 21:45,2018/1/20 21:45,1070,1305,214,261
PK348,2018/1/20 0:00,18:00:00,NV3786,D,N,2018/1/20 0:00,19:30:00,NV3631,D,ZJI,XVI,0,2018/1/20 18:00,2018/1/20 19:30,0,1,0,1,2018/1/20 18:00,2018/1/20 20:15,2018/1/20 20:15,1080,1215,216,243
PK349,2018/1/20 0:00,18:00:00,NV601,I,W,2018/1/21 0:00, 0:20,NV840,I,TGP,NFM,1,2018/1/20 18:00,2018/1/21 0:20,1,0,1,0,2018/1/20 18:00,2018/1/21 1:05,2018/1/20 23:55,1080,1435,216,287
PK350,2018/1/20 0:00,18:10:00,GN0461,D,N,2018/1/20 0:00,19:30:00,GN972,I,LXM,LVM,0,2018/1/20 18:10,2018/1/20 19:30,0,1,1,0,2018/1/20 18:10,2018/1/20 20:15,2018/1/20 20:15,1090,1215,218,243
PK351,2018/1/20 0:00,18:15:00,NV3131,I,N,2018/1/20 0:00,19:45:00,NV3131,D,GTA,XVI,0,2018/1/20 18:15,2018/1/20 19:45,1,0,0,1,2018/1/20 18:15,2018/1/20 20:30,2018/1/20 20:30,1095,1230,219,246
PK352,2018/1/20 0:00,18:20:00,NV6489,D,W,2018/1/20 0:00,20:40:00,NV658,I,TZY,CLL,1,2018/1/20 18:20,2018/1/20 20:40,0,1,1,0,2018/1/20 18:20,2018/1/20 21:25,2018/1/20 21:25,1100,1285,220,257
PK353,2018/1/20 0:00,18:20:00,NV831,I,N,2018/1/20 0:00,19:35:00,NV831,D,OHP,MIX,0,2018/1/20 18:20,2018/1/20 19:35,1,0,0,1,2018/1/20 18:20,2018/1/20 20:20,2018/1/20 20:20,1100,1220,220,244
PK354,2018/1/20 0:00,18:25:00,NV615,I,N,2018/1/20 0:00,21:00:00,NV6312,D,ILH,IBL,0,2018/1/20 18:25,2018/1/20 21:00,1,0,0,1,2018/1/20 18:25,2018/1/20 21:45,2018/1/20 21:45,1105,1305,221,261
PK355,2018/1/20 0:00,18:30:00,NV3421,D,N,2018/1/20 0:00,19:35:00,NV3410,D,YOO,YOO,0,2018/1/20 18:30,2018/1/20 19:35,0,1,0,1,2018/1/20 18:30,2018/1/20 20:20,2018/1/20 20:20,1110,1220,222,244
PK356,2018/1/20 0:00,18:30:00,NV6525,D,N,2018/1/20 0:00,21:25:00,NV6472,D,DUV,TAY,0,2018/1/20 18:30,2018/1/20 21:25,0,1,0,1,2018/1/20 18:30,2018/1/20 22:10,2018/1/20 22:10,1110,1330,222,266
PK357,2018/1/20 0:00,18:35:00,NV6739,D,N,2018/1/21 0:00, 7:45,NV6738,D,EMD,EMD,0,2018/1/20 18:35,2018/1/21 7:45,0,1,0,1,2018/1/20 18:35,2018/1/21 8:30,2018/1/20 23:55,1115,1435,223,287
PK358,2018/1/20 0:00,18:40:00,GN941,I,N,2018/1/20 0:00,19:45:00,GN978,I,QVT,CLJ,0,2018/1/20 18:40,2018/1/20 19:45,1,0,1,0,2018/1/20 18:40,2018/1/20 20:30,2018/1/20 20:30,1120,1230,224,246
PK359,2018/1/20 0:00,18:45:00,NV399,I,N,2018/1/20 0:00,19:50:00,NV6784,D,PLB,EMD,0,2018/1/20 18:45,2018/1/20 19:50,1,0,0,1,2018/1/20 18:45,2018/1/20 20:35,2018/1/20 20:35,1125,1235,225,247
PK360,2018/1/20 0:00,18:50:00,GN0465,D,N,2018/1/20 0:00,20:05:00,GN0452,D,XFI,EZH,0,2018/1/20 18:50,2018/1/20 20:05,0,1,0,1,2018/1/20 18:50,2018/1/20 20:50,2018/1/20 20:50,1130,1250,226,250
PK361,2018/1/20 0:00,18:50:00,GN951,I,N,2018/1/20 0:00,20:00:00,GN968,I,CLL,ILU,0,2018/1/20 18:50,2018/1/20 20:00,1,0,1,0,2018/1/20 18:50,2018/1/20 20:45,2018/1/20 20:45,1130,1245,226,249
PK362,2018/1/20 0:00,18:50:00,NV3622,D,N,2018/1/20 0:00,20:00:00,NV6486,D,XVI,EZH,0,2018/1/20 18:50,2018/1/20 20:00,0,1,0,1,2018/1/20 18:50,2018/1/20 20:45,2018/1/20 20:45,1130,1245,226,249
PK363,2018/1/20 0:00,18:50:00,NV829,I,W,2018/1/21 0:00,0:05:00,NV664,I,PSE,DEH,1,2018/1/20 18:50,2018/1/21 0:05,1,0,1,0,2018/1/20 18:50,2018/1/21 0:50,2018/1/20 23:55,1130,1435,226,287
PK364,2018/1/20 0:00,18:55:00,GN0287,D,N,2018/1/20 0:00,21:10:00,GN0287,D,DHR,LXM,0,2018/1/20 18:55,2018/1/20 21:10,0,1,0,1,2018/1/20 18:55,2018/1/20 21:55,2018/1/20 21:55,1135,1315,227,263
PK365,2018/1/20 0:00,18:55:00,NV6663,D,N,2018/1/20 0:00,20:00:00,NV860,I,MZJ,QOI,0,2018/1/20 18:55,2018/1/20 20:00,0,1,1,0,2018/1/20 18:55,2018/1/20 20:45,2018/1/20 20:45,1135,1245,227,249
PK366,2018/1/20 0:00,18:55:00,NV859,I,N,2018/1/20 0:00,21:00:00,NV859,D,LJY,LNH,0,2018/1/20 18:55,2018/1/20 21:00,1,0,0,1,2018/1/20 18:55,2018/1/20 21:45,2018/1/20 21:45,1135,1305,227,261
PK367,2018/1/20 0:00,19:10:00,GN0641,D,N,2018/1/20 0:00,21:20:00,GN0428,D,XOA,DBO,0,2018/1/20 19:10,2018/1/20 21:20,0,1,0,1,2018/1/20 19:10,2018/1/20 22:05,2018/1/20 22:05,1150,1325,230,265
PK368,2018/1/20 0:00,19:15:00,NV3119,I,N,2018/1/20 0:00,21:15:00,NV6297,D,NGN,QFL,0,2018/1/20 19:15,2018/1/20 21:15,1,0,0,1,2018/1/20 19:15,2018/1/20 22:00,2018/1/20 22:00,1155,1320,231,264
PK369,2018/1/20 0:00,19:15:00,NV6714,D,N,2018/1/20 0:00,21:25:00,NV6714,D,AIB,TIF,0,2018/1/20 19:15,2018/1/20 21:25,0,1,0,1,2018/1/20 19:15,2018/1/20 22:10,2018/1/20 22:10,1155,1330,231,266
PK370,2018/1/20 0:00,19:20:00,NV319,I,W,2018/1/21 0:00,0:05:00,NV846,I,ZZA,TZE,1,2018/1/20 19:20,2018/1/21 0:05,1,0,1,0,2018/1/20 19:20,2018/1/21 0:50,2018/1/20 23:55,1160,1435,232,287
PK371,2018/1/20 0:00,19:20:00,NV337,I,N,2018/1/20 0:00,23:10:00,NV6156,I,LJY,DSL,0,2018/1/20 19:20,2018/1/20 23:10,1,0,1,0,2018/1/20 19:20,2018/1/20 23:55,2018/1/20 23:55,1160,1435,232,287
PK372,2018/1/20 0:00,19:30:00,NV6199,I,N,2018/1/20 0:00,21:30:00,NV3655,D,GVL,XVI,0,2018/1/20 19:30,2018/1/20 21:30,1,0,0,1,2018/1/20 19:30,2018/1/20 22:15,2018/1/20 22:15,1170,1335,234,267
PK373,2018/1/20 0:00,19:30:00,NV673,I,W,2018/1/21 0:00, 0:10,NV320,I,TZE,GSB,1,2018/1/20 19:30,2018/1/21 0:10,1,0,1,0,2018/1/20 19:30,2018/1/21 0:55,2018/1/20 23:55,1170,1435,234,287
PK374,2018/1/20 0:00,19:30:00,NV699,I,W,2018/1/20 0:00,21:40:00,NV699,D,KGL,GPD,1,2018/1/20 19:30,2018/1/20 21:40,1,0,0,1,2018/1/20 19:30,2018/1/20 22:25,2018/1/20 22:25,1170,1345,234,269
PK375,2018/1/20 0:00,19:35:00,NV633,I,N,2018/1/20 0:00,21:05:00,NV633,D,OSU,YJZ,0,2018/1/20 19:35,2018/1/20 21:05,1,0,0,1,2018/1/20 19:35,2018/1/20 21:50,2018/1/20 21:50,1175,1310,235,262
PK376,2018/1/20 0:00,19:40:00,NV6763,D,N,2018/1/20 0:00,21:05:00,NV6544,D,ZOK,DLH,0,2018/1/20 19:40,2018/1/20 21:05,0,1,0,1,2018/1/20 19:40,2018/1/20 21:50,2018/1/20 21:50,1180,1310,236,262
PK377,2018/1/20 0:00,19:40:00,NV849,I,W,2018/1/20 0:00,23:30:00,NV654,I,NFM,TJO,1,2018/1/20 19:40,2018/1/20 23:30,1,0,1,0,2018/1/20 19:40,2018/1/21 0:15,2018/1/20 23:55,1180,1435,236,287
PK378,2018/1/20 0:00,19:50:00,NV6753,D,N,2018/1/20 0:00,21:10:00,NV836,I,EMD,ILH,0,2018/1/20 19:50,2018/1/20 21:10,0,1,1,0,2018/1/20 19:50,2018/1/20 21:55,2018/1/20 21:55,1190,1315,238,263
PK379,2018/1/20 0:00,20:00:00,GN939,I,N,2018/1/20 0:00,21:05:00,GN0300,D,JDO,TXB,0,2018/1/20 20:00,2018/1/20 21:05,1,0,0,1,2018/1/20 20:00,2018/1/20 21:50,2018/1/20 21:50,1200,1310,240,262
PK380,2018/1/20 0:00,20:00:00,NV6324,D,N,2018/1/20 0:00,21:00:00,NV6325,D,UZO,UZO,0,2018/1/20 20:00,2018/1/20 21:00,0,1,0,1,2018/1/20 20:00,2018/1/20 21:45,2018/1/20 21:45,1200,1305,240,261
PK381,2018/1/20 0:00,20:00:00,NV6527,D,N,2018/1/20 0:00,21:30:00,NV6528,D,DUV,DUV,0,2018/1/20 20:00,2018/1/20 21:30,0,1,0,1,2018/1/20 20:00,2018/1/20 22:15,2018/1/20 22:15,1200,1335,240,267
PK382,2018/1/20 0:00,20:00:00,NV827,I,W,2018/1/20 0:00,21:55:00,NV826,I,COF,COF,1,2018/1/20 20:00,2018/1/20 21:55,1,0,1,0,2018/1/20 20:00,2018/1/20 22:40,2018/1/20 22:40,1200,1360,240,272
PK383,2018/1/20 0:00,20:05:00,GN0205,D,N,2018/1/20 0:00,21:35:00,GN0560,D,TIF,LXF,0,2018/1/20 20:05,2018/1/20 21:35,0,1,0,1,2018/1/20 20:05,2018/1/20 22:20,2018/1/20 22:20,1205,1340,241,268
PK384,2018/1/20 0:00,20:10:00,GN0237,D,N,2018/1/21 0:00, 9:10,GN912,I,SJA,UTB,0,2018/1/20 20:10,2018/1/21 9:10,0,1,1,0,2018/1/20 20:10,2018/1/21 9:55,2018/1/20 23:55,1210,1435,242,287
PK385,2018/1/20 0:00,20:10:00,GN0261,D,N,2018/1/20 0:00,21:05:00,GN0260,D,YNO,DHR,0,2018/1/20 20:10,2018/1/20 21:05,0,1,0,1,2018/1/20 20:10,2018/1/20 21:50,2018/1/20 21:50,1210,1310,242,262
PK386,2018/1/20 0:00,20:10:00,NV621,I,N,2018/1/21 0:00, 1:50,NV322,I,ILH,NOM,0,2018/1/20 20:10,2018/1/21 1:50,1,0,1,0,2018/1/20 20:10,2018/1/21 2:35,2018/1/20 23:55,1210,1435,242,287
PK387,2018/1/20 0:00,20:10:00,NV6317,D,N,2018/1/21 0:00, 8:15,NV6358,D,ITO,EBU,0,2018/1/20 20:10,2018/1/21 8:15,0,1,0,1,2018/1/20 20:10,2018/1/21 9:00,2018/1/20 23:55,1210,1435,242,287
PK388,2018/1/20 0:00,20:15:00,NV6551,D,N,2018/1/20 0:00,21:05:00,*****,D,UTO,***,0,2018/1/20 20:15,2018/1/20 21:05,0,1,0,1,2018/1/20 20:15,2018/1/20 21:50,2018/1/20 21:50,1215,1310,243,262
PK389,2018/1/20 0:00,20:15:00,NV6725,D,N,2018/1/21 0:00, 8:20,NV6724,D,ISC,ISC,0,2018/1/20 20:15,2018/1/21 8:20,0,1,0,1,2018/1/20 20:15,2018/1/21 9:05,2018/1/20 23:55,1215,1435,243,287
PK390,2018/1/20 0:00,20:20:00,NV6549,D,N,2018/1/21 0:00, 8:25,NV6548,D,OBP,OBP,0,2018/1/20 20:20,2018/1/21 8:25,0,1,0,1,2018/1/20 20:20,2018/1/21 9:10,2018/1/20 23:55,1220,1435,244,287
PK391,2018/1/20 0:00,20:25:00,NV317,I,N,2018/1/21 0:00, 0:15,NV6134,I,DOY,DFC,0,2018/1/20 20:25,2018/1/21 0:15,1,0,1,0,2018/1/20 20:25,2018/1/21 1:00,2018/1/20 23:55,1225,1435,245,287
PK392,2018/1/20 0:00,20:25:00,NV3278,D,N,2018/1/21 0:00, 6:40,NV3446,D,YJZ,YJZ,0,2018/1/20 20:25,2018/1/21 6:40,0,1,0,1,2018/1/20 20:25,2018/1/21 7:25,2018/1/20 23:55,1225,1435,245,287
PK393,2018/1/20 0:00,20:30:00,NV6117,I,N,2018/1/21 0:00,9:00:00,NV6230,D,UQF,QFL,0,2018/1/20 20:30,2018/1/21 9:00,1,0,0,1,2018/1/20 20:30,2018/1/21 9:45,2018/1/20 23:55,1230,1435,246,287
PK394,2018/1/20 0:00,20:30:00,NV6578,D,N,2018/1/21 0:00,9:00:00,NV6532,D,TZY,DLH,0,2018/1/20 20:30,2018/1/21 9:00,0,1,0,1,2018/1/20 20:30,2018/1/21 9:45,2018/1/20 23:55,1230,1435,246,287
PK395,2018/1/20 0:00,20:30:00,NV6772,D,N,2018/1/20 0:00,22:05:00,NV6772,D,GPD,EMD,0,2018/1/20 20:30,2018/1/20 22:05,0,1,0,1,2018/1/20 20:30,2018/1/20 22:50,2018/1/20 22:50,1230,1370,246,274
PK396,2018/1/20 0:00,20:40:00,*****,D,N,2018/1/20 0:00,21:30:00,NV6478,D,***,DTY,0,2018/1/20 20:40,2018/1/20 21:30,0,1,0,1,2018/1/20 20:40,2018/1/20 22:15,2018/1/20 22:15,1240,1335,248,267
PK397,2018/1/20 0:00,21:00:00,NV6495,D,N,2018/1/21 0:00,8:00:00,NV6154,I,AZJ,QVT,0,2018/1/20 21:00,2018/1/21 8:00,0,1,1,0,2018/1/20 21:00,2018/1/21 8:45,2018/1/20 23:55,1260,1435,252,287
PK398,2018/1/20 0:00,21:00:00,NV6633,D,N,2018/1/20 0:00,22:10:00,NV6632,D,UBP,UBP,0,2018/1/20 21:00,2018/1/20 22:10,0,1,0,1,2018/1/20 21:00,2018/1/20 22:55,2018/1/20 22:55,1260,1375,252,275
PK399,2018/1/20 0:00,21:00:00,NV6811,D,N,2018/1/20 0:00,22:20:00,NV6811,D,VSD,OHC,0,2018/1/20 21:00,2018/1/20 22:20,0,1,0,1,2018/1/20 21:00,2018/1/20 23:05,2018/1/20 23:05,1260,1385,252,277
PK400,2018/1/20 0:00,21:05:00,NV651,I,W,2018/1/21 0:00,12:25:00,NV670,I,IOE,DEH,1,2018/1/20 21:05,2018/1/21 12:25,1,0,1,0,2018/1/20 21:05,2018/1/21 13:10,2018/1/20 23:55,1265,1435,253,287
PK401,2018/1/20 0:00,21:05:00,NV6642,D,N,2018/1/20 0:00,22:20:00,NV6642,D,TIF,LIO,0,2018/1/20 21:05,2018/1/20 22:20,0,1,0,1,2018/1/20 21:05,2018/1/20 23:05,2018/1/20 23:05,1265,1385,253,277
PK402,2018/1/20 0:00,21:10:00,NV6643,D,N,2018/1/20 0:00,22:00:00,NV392,I,LIO,THO,0,2018/1/20 21:10,2018/1/20 22:00,0,1,1,0,2018/1/20 21:10,2018/1/20 22:45,2018/1/20 22:45,1270,1365,254,273
PK403,2018/1/20 0:00,21:15:00,GN0409,D,N,2018/1/20 0:00,22:40:00,GN0368,D,DTY,YNO,0,2018/1/20 21:15,2018/1/20 22:40,0,1,0,1,2018/1/20 21:15,2018/1/20 23:25,2018/1/20 23:25,1275,1405,255,281
PK404,2018/1/20 0:00,21:15:00,GN933,I,N,2018/1/21 0:00, 6:40,GN0480,D,LJY,LXM,0,2018/1/20 21:15,2018/1/21 6:40,1,0,0,1,2018/1/20 21:15,2018/1/21 7:25,2018/1/20 23:55,1275,1435,255,287
PK405,2018/1/20 0:00,21:15:00,NV6505,D,N,2018/1/21 0:00, 9:30,NV668,I,DLH,LNR,0,2018/1/20 21:15,2018/1/21 9:30,0,1,1,0,2018/1/20 21:15,2018/1/21 10:15,2018/1/20 23:55,1275,1435,255,287
PK406,2018/1/20 0:00,21:20:00,GN0629,D,N,2018/1/20 0:00,22:20:00,GN0620,D,XOA,XOA,0,2018/1/20 21:20,2018/1/20 22:20,0,1,0,1,2018/1/20 21:20,2018/1/20 23:05,2018/1/20 23:05,1280,1385,256,277
PK407,2018/1/20 0:00,21:20:00,NV6653,D,N,2018/1/20 0:00,22:30:00,NV6652,D,UOB,UOB,0,2018/1/20 21:20,2018/1/20 22:30,0,1,0,1,2018/1/20 21:20,2018/1/20 23:15,2018/1/20 23:15,1280,1395,256,279
PK408,2018/1/20 0:00,21:20:00,NV6699,D,N,2018/1/21 0:00, 8:55,NV6616,D,GPD,GPD,0,2018/1/20 21:20,2018/1/21 8:55,0,1,0,1,2018/1/20 21:20,2018/1/21 9:40,2018/1/20 23:55,1280,1435,256,287
PK409,2018/1/20 0:00,21:30:00,GN997,I,N,2018/1/20 0:00,22:30:00,GN952,I,LVM,CLL,0,2018/1/20 21:30,2018/1/20 22:30,1,0,1,0,2018/1/20 21:30,2018/1/20 23:15,2018/1/20 23:15,1290,1395,258,279
PK410,2018/1/20 0:00,21:30:00,NV6733,D,N,2018/1/21 0:00, 6:40,NV6748,D,EMD,IEH,0,2018/1/20 21:30,2018/1/21 6:40,0,1,0,1,2018/1/20 21:30,2018/1/21 7:25,2018/1/20 23:55,1290,1435,258,287
PK411,2018/1/20 0:00,21:30:00,NV679,I,W,2018/1/21 0:00, 9:20,NV678,I,TJO,TJO,1,2018/1/20 21:30,2018/1/21 9:20,1,0,1,0,2018/1/20 21:30,2018/1/21 10:05,2018/1/20 23:55,1290,1435,258,287
PK412,2018/1/20 0:00,21:40:00,NV6241,D,N,2018/1/21 0:00,9:05:00,NV6446,D,QFL,TAY,0,2018/1/20 21:40,2018/1/21 9:05,0,1,0,1,2018/1/20 21:40,2018/1/21 9:50,2018/1/20 23:55,1300,1435,260,287
PK413,2018/1/20 0:00,21:45:00,GN0455,D,N,2018/1/20 0:00,22:45:00,GN933,D,EZH,DHP,0,2018/1/20 21:45,2018/1/20 22:45,0,1,0,1,2018/1/20 21:45,2018/1/20 23:30,2018/1/20 23:30,1305,1410,261,282
PK414,2018/1/20 0:00,21:45:00,NV6737,D,N,2018/1/20 0:00,22:50:00,NV3993,D,EMD,OLH,0,2018/1/20 21:45,2018/1/20 22:50,0,1,0,1,2018/1/20 21:45,2018/1/20 23:35,2018/1/20 23:35,1305,1415,261,283
PK415,2018/1/20 0:00,21:50:00,NV6319,D,N,2018/1/20 0:00,22:50:00,NV3652,D,MAI,DBO,0,2018/1/20 21:50,2018/1/20 22:50,0,1,0,1,2018/1/20 21:50,2018/1/20 23:35,2018/1/20 23:35,1310,1415,262,283
PK416,2018/1/20 0:00,22:00:00,GN0257,D,N,2018/1/21 0:00,8:00:00,GN0522,D,ZDV,NJH,0,2018/1/20 22:00,2018/1/21 8:00,0,1,0,1,2018/1/20 22:00,2018/1/21 8:45,2018/1/20 23:55,1320,1435,264,287
PK417,2018/1/20 0:00,22:00:00,GN0541,D,N,2018/1/21 0:00, 8:30,GN0678,D,IOZ,DHP,0,2018/1/20 22:00,2018/1/21 8:30,0,1,0,1,2018/1/20 22:00,2018/1/21 9:15,2018/1/20 23:55,1320,1435,264,287
PK418,2018/1/20 0:00,22:00:00,NV6405,D,N,2018/1/21 0:00, 8:30,NV6636,D,DHP,ZOU,0,2018/1/20 22:00,2018/1/21 8:30,0,1,0,1,2018/1/20 22:00,2018/1/21 9:15,2018/1/20 23:55,1320,1435,264,287
PK419,2018/1/20 0:00,22:05:00,GN0489,D,N,2018/1/21 0:00, 7:30,GN0282,D,LXM,ISC,0,2018/1/20 22:05,2018/1/21 7:30,0,1,0,1,2018/1/20 22:05,2018/1/21 8:15,2018/1/20 23:55,1325,1435,265,287
PK420,2018/1/20 0:00,22:05:00,NV3270,D,N,2018/1/21 0:00,12:40:00,NV3118,I,YJZ,NGN,0,2018/1/20 22:05,2018/1/21 12:40,0,1,1,0,2018/1/20 22:05,2018/1/21 13:25,2018/1/20 23:55,1325,1435,265,287
PK421,2018/1/20 0:00,22:10:00,GN945,I,N,2018/1/21 0:00, 9:20,GN996,I,CLL,LVM,0,2018/1/20 22:10,2018/1/21 9:20,1,0,1,0,2018/1/20 22:10,2018/1/21 10:05,2018/1/20 23:55,1330,1435,266,287
PK422,2018/1/20 0:00,22:25:00,GN0645,D,N,2018/1/20 0:00,23:15:00,*****,D,YNO,***,0,2018/1/20 22:25,2018/1/20 23:15,0,1,0,1,2018/1/20 22:25,2018/1/21 0:00,2018/1/20 23:55,1345,1435,269,287
PK423,2018/1/20 0:00,22:30:00,GN0291,D,N,2018/1/21 0:00, 8:45,GN0496,D,DHR,OOH,0,2018/1/20 22:30,2018/1/21 8:45,0,1,0,1,2018/1/20 22:30,2018/1/21 9:30,2018/1/20 23:55,1350,1435,270,287
PK424,2018/1/20 0:00,22:30:00,GN0639,D,N,2018/1/21 0:00, 7:35,GN0234,D,DBO,UWT,0,2018/1/20 22:30,2018/1/21 7:35,0,1,0,1,2018/1/20 22:30,2018/1/21 8:20,2018/1/20 23:55,1350,1435,270,287
PK425,2018/1/20 0:00,22:30:00,NV6769,D,N,2018/1/21 0:00, 6:55,NV6252,D,IEH,MMW,0,2018/1/20 22:30,2018/1/21 6:55,0,1,0,1,2018/1/20 22:30,2018/1/21 7:40,2018/1/20 23:55,1350,1435,270,287
PK426,2018/1/20 0:00,22:45:00,NV0747,D,N,2018/1/21 0:00,9:05:00,NV336,I,LXM,LJY,0,2018/1/20 22:45,2018/1/21 9:05,0,1,1,0,2018/1/20 22:45,2018/1/21 9:50,2018/1/20 23:55,1365,1435,273,287
PK427,2018/1/20 0:00,22:50:00,NV617,I,N,2018/1/21 0:00,17:20:00,NV3273,D,ILH,YJZ,0,2018/1/20 22:50,2018/1/21 17:20,1,0,0,1,2018/1/20 22:50,2018/1/21 18:05,2018/1/20 23:55,1370,1435,274,287
PK428,2018/1/20 0:00,22:50:00,NV6379,D,N,2018/1/21 0:00, 9:55,NV6202,D,ZCQ,ZDV,0,2018/1/20 22:50,2018/1/21 9:55,0,1,0,1,2018/1/20 22:50,2018/1/21 10:40,2018/1/20 23:55,1370,1435,274,287
PK429,2018/1/20 0:00,22:55:00,NV6615,D,N,2018/1/21 0:00, 7:45,NV3615,D,HZT,XVI,0,2018/1/20 22:55,2018/1/21 7:45,0,1,0,1,2018/1/20 22:55,2018/1/21 8:30,2018/1/20 23:55,1375,1435,275,287
PK430,2018/1/20 0:00,23:00:00,NV6557,D,N,2018/1/21 0:00, 6:55,NV3286,D,LXF,ARA,0,2018/1/20 23:00,2018/1/21 6:55,0,1,0,1,2018/1/20 23:00,2018/1/21 7:40,2018/1/20 23:55,1380,1435,276,287
PK431,2018/1/20 0:00,23:10:00,GN0285,D,N,2018/1/21 0:00,10:25:00,GN0628,D,KOH,XOA,0,2018/1/20 23:10,2018/1/21 10:25,0,1,0,1,2018/1/20 23:10,2018/1/21 11:10,2018/1/20 23:55,1390,1435,278,287
PK432,2018/1/20 0:00,23:10:00,NV3464,D,N,2018/1/21 0:00, 8:35,NV612,I,MIX,ILH,0,2018/1/20 23:10,2018/1/21 8:35,0,1,1,0,2018/1/20 23:10,2018/1/21 9:20,2018/1/20 23:55,1390,1435,278,287
PK433,2018/1/20 0:00,23:15:00,GN0363,D,N,2018/1/21 0:00,9:00:00,GN0414,D,IBL,DBO,0,2018/1/20 23:15,2018/1/21 9:00,0,1,0,1,2018/1/20 23:15,2018/1/21 9:45,2018/1/20 23:55,1395,1435,279,287
PK434,2018/1/20 0:00,23:20:00,NV3447,D,N,2018/1/21 0:00,10:15:00,NV6160,I,YJZ,DKV,0,2018/1/20 23:20,2018/1/21 10:15,0,1,1,0,2018/1/20 23:20,2018/1/21 11:00,2018/1/20 23:55,1400,1435,280,287
PK435,2018/1/20 0:00,23:25:00,GN0447,D,N,2018/1/21 0:00, 8:50,GN0456,D,MGR,DHP,0,2018/1/20 23:25,2018/1/21 8:50,0,1,0,1,2018/1/20 23:25,2018/1/21 9:35,2018/1/20 23:55,1405,1435,281,287
PK436,2018/1/20 0:00,23:25:00,NV6471,D,N,2018/1/21 0:00,10:20:00,NV6172,I,TAY,JDO,0,2018/1/20 23:25,2018/1/21 10:20,0,1,1,0,2018/1/20 23:25,2018/1/21 11:05,2018/1/20 23:55,1405,1435,281,287
PK437,2018/1/20 0:00,23:30:00,NV3195,D,N,2018/1/21 0:00,9:05:00,NV6514,D,UTO,DUV,0,2018/1/20 23:30,2018/1/21 9:05,0,1,0,1,2018/1/20 23:30,2018/1/21 9:50,2018/1/20 23:55,1410,1435,282,287
PK438,2018/1/20 0:00,23:40:00,GN0643,D,N,2018/1/21 0:00,9:00:00,GN0478,D,IBL,TIF,0,2018/1/20 23:40,2018/1/21 9:00,0,1,0,1,2018/1/20 23:40,2018/1/21 9:45,2018/1/20 23:55,1420,1435,284,287
PK439,2018/1/20 0:00,23:50:00,GN0247,D,N,2018/1/21 0:00,9:05:00,GN0572,D,CBW,XYO,0,2018/1/20 23:50,2018/1/21 9:05,0,1,0,1,2018/1/20 23:50,2018/1/21 9:50,2018/1/20 23:55,1430,1435,286,287
PK440,2018/1/20 0:00,23:55:00,GN0405,D,N,2018/1/21 0:00, 9:25,GN0548,D,ETO,CBW,0,2018/1/20 23:55,2018/1/21 9:25,0,1,0,1,2018/1/20 23:55,2018/1/21 10:10,2018/1/20 23:55,1435,1435,287,287
PK441,2018/1/20 0:00, 0:10,GN0349,D,N,2018/1/20 0:00,15:50:00,GN0488,D,TZY,LXM,0,2018/1/20 0:10,2018/1/20 15:50,0,1,0,1,2018/1/20 0:10,2018/1/20 16:35,2018/1/20 16:35,10,995,2,199
PK442,2018/1/20 0:00, 0:15,GN0401,D,N,2018/1/20 0:00, 8:30,GN0678,D,DHP,DHP,0,2018/1/20 0:15,2018/1/20 8:30,0,1,0,1,2018/1/20 0:15,2018/1/20 9:15,2018/1/20 9:15,15,555,3,111
PK443,2018/1/20 0:00, 0:15,NV6723,D,N,2018/1/20 0:00, 7:50,NV6708,D,EMD,DHR,0,2018/1/20 0:15,2018/1/20 7:50,0,1,0,1,2018/1/20 0:15,2018/1/20 8:35,2018/1/20 8:35,15,515,3,103
PK444,2018/1/20 0:00, 0:20,GN967,I,N,2018/1/20 0:00, 8:50,GN0456,D,CLL,DHP,0,2018/1/20 0:20,2018/1/20 8:50,1,0,0,1,2018/1/20 0:20,2018/1/20 9:35,2018/1/20 9:35,20,575,4,115
PK445,2018/1/20 0:00, 0:25,NV6589,D,W,2018/1/20 0:00,12:25:00,NV810,I,LNH,NBE,1,2018/1/20 0:25,2018/1/20 12:25,0,1,1,0,2018/1/20 0:25,2018/1/20 13:10,2018/1/20 13:10,25,790,5,158
PK446,2018/1/20 0:00,0:05:00,GN0657,D,N,2018/1/20 0:00, 8:10,GN0454,D,XVU,EZH,0,2018/1/20 0:05,2018/1/20 8:10,0,1,0,1,2018/1/20 0:05,2018/1/20 8:55,2018/1/20 8:55,5,535,1,107
PK447,2018/1/20 0:00, 1:30,NV6487,D,N,2018/1/20 0:00, 6:55,NV3615,D,EZH,XVI,0,2018/1/20 1:30,2018/1/20 6:55,0,1,0,1,2018/1/20 1:30,2018/1/20 7:40,2018/1/20 7:40,90,460,18,92
PK448,2018/1/20 0:00, 1:35,GN0453,D,N,2018/1/20 0:00, 9:15,GN0630,D,EZH,XOA,0,2018/1/20 1:35,2018/1/20 9:15,0,1,0,1,2018/1/20 1:35,2018/1/20 10:00,2018/1/20 10:00,95,600,19,120
PK449,2018/1/20 0:00, 4:10,NV677,I,W,2018/1/20 0:00, 7:55,NV380,I,TJO,DUT,1,2018/1/20 4:10,2018/1/20 7:55,1,0,1,0,2018/1/20 4:10,2018/1/20 8:40,2018/1/20 8:40,250,520,50,104
PK450,2018/1/20 0:00, 4:25,NV625,I,N,2018/1/20 0:00, 9:15,NV6152,I,SFQ,JDO,0,2018/1/20 4:25,2018/1/20 9:15,1,0,1,0,2018/1/20 4:25,2018/1/20 10:00,2018/1/20 10:00,265,600,53,120
PK451,2018/1/20 0:00, 4:40,GN947,I,N,2018/1/20 0:00,10:15:00,GN0464,D,IOE,XFI,0,2018/1/20 4:40,2018/1/20 10:15,1,0,0,1,2018/1/20 4:40,2018/1/20 11:00,2018/1/20 11:00,280,660,56,132
PK452,2018/1/20 0:00, 4:55,NV675,I,W,2018/1/20 0:00, 6:55,NV675,D,EFM,QFL,1,2018/1/20 4:55,2018/1/20 6:55,1,0,0,1,2018/1/20 4:55,2018/1/20 7:40,2018/1/20 7:40,295,460,59,92
PK453,2018/1/20 0:00,5:00:00,NV847,I,W,2018/1/20 0:00,13:20:00,NV694,I,TZE,MBY,1,2018/1/20 5:00,2018/1/20 13:20,1,0,1,0,2018/1/20 5:00,2018/1/20 14:05,2018/1/20 14:05,300,845,60,169
PK454,2018/1/20 0:00, 5:15,NV309,I,W,2018/1/20 0:00, 9:10,NV634,I,KGL,OSU,1,2018/1/20 5:15,2018/1/20 9:10,1,0,1,0,2018/1/20 5:15,2018/1/20 9:55,2018/1/20 9:55,315,595,63,119
PK455,2018/1/20 0:00, 5:20,NV871,I,N,2018/1/20 0:00, 9:25,NV812,I,QOI,ILH,0,2018/1/20 5:20,2018/1/20 9:25,1,0,1,0,2018/1/20 5:20,2018/1/20 10:10,2018/1/20 10:10,320,610,64,122
PK456,2018/1/20 0:00, 5:35,NV347,I,W,2018/1/20 0:00,12:10:00,NV346,I,NMF,NMF,1,2018/1/20 5:35,2018/1/20 12:10,1,0,1,0,2018/1/20 5:35,2018/1/20 12:55,2018/1/20 12:55,335,775,67,155
PK457,2018/1/20 0:00, 5:40,NV655,I,W,2018/1/21 0:00,12:10:00,NV6118,I,TJO,UQF,1,2018/1/20 5:40,2018/1/21 12:10,1,0,1,0,2018/1/20 5:40,2018/1/21 12:55,2018/1/20 23:55,340,1435,68,287
PK458,2018/1/20 0:00, 5:45,NV891,I,W,2018/1/21 0:00, 0:55,NV880,I,BLM,BLM,1,2018/1/20 5:45,2018/1/21 0:55,1,0,1,0,2018/1/20 5:45,2018/1/21 1:40,2018/1/20 23:55,345,1435,69,287
PK459,2018/1/20 0:00, 5:55,GN979,I,N,2018/1/20 0:00, 7:10,GN0290,D,CLJ,KOA,0,2018/1/20 5:55,2018/1/20 7:10,1,0,0,1,2018/1/20 5:55,2018/1/20 7:55,2018/1/20 7:55,355,475,71,95
PK460,2018/1/20 0:00, 5:55,NV343,I,W,2018/1/20 0:00,12:15:00,NV6118,I,DNC,UQF,1,2018/1/20 5:55,2018/1/20 12:15,1,0,1,0,2018/1/20 5:55,2018/1/20 13:00,2018/1/20 13:00,355,780,71,156
PK461,2018/1/20 0:00, 5:55,NV851,I,W,2018/1/20 0:00,11:40:00,NV828,I,NFM,PSE,1,2018/1/20 5:55,2018/1/20 11:40,1,0,1,0,2018/1/20 5:55,2018/1/20 12:25,2018/1/20 12:25,355,745,71,149
PK462,2018/1/20 0:00,6:00:00,GN977,I,N,2018/1/20 0:00,10:25:00,GN0628,D,LCW,XOA,0,2018/1/20 6:00,2018/1/20 10:25,1,0,0,1,2018/1/20 6:00,2018/1/20 11:10,2018/1/20 11:10,360,670,72,134
PK463,2018/1/20 0:00, 6:25,NV6181,I,W,2018/1/20 0:00,14:35:00,NV676,I,DHL,TJO,1,2018/1/20 6:25,2018/1/20 14:35,1,0,1,0,2018/1/20 6:25,2018/1/20 15:20,2018/1/20 15:20,385,920,77,184
PK464,2018/1/20 0:00, 6:25,NV689,I,W,2018/1/20 0:00,12:05:00,NV318,I,MBY,ZZA,1,2018/1/20 6:25,2018/1/20 12:05,1,0,1,0,2018/1/20 6:25,2018/1/20 12:50,2018/1/20 12:50,385,770,77,154
PK465,2018/1/20 0:00, 6:30,GN943,I,N,2018/1/20 0:00, 9:20,GN996,I,ILU,LVM,0,2018/1/20 6:30,2018/1/20 9:20,1,0,1,0,2018/1/20 6:30,2018/1/20 10:05,2018/1/20 10:05,390,605,78,121
PK466,2018/1/20 0:00, 6:55,NV883,I,W,2018/1/20 0:00,13:00:00,NV640,I,BNT,IOE,1,2018/1/20 6:55,2018/1/20 13:00,1,0,1,0,2018/1/20 6:55,2018/1/20 13:45,2018/1/20 13:45,415,825,83,165
PK467,2018/1/20 0:00,7:00:00,NV6157,I,N,2018/1/20 0:00, 8:30,NV6762,D,DSL,ZOK,0,2018/1/20 7:00,2018/1/20 8:30,1,0,0,1,2018/1/20 7:00,2018/1/20 9:15,2018/1/20 9:15,420,555,84,111
PK468,2018/1/20 0:00,7:00:00,NV665,I,W,2018/1/20 0:00,12:25:00,NV670,I,DEH,DEH,1,2018/1/20 7:00,2018/1/20 12:25,1,0,1,0,2018/1/20 7:00,2018/1/20 13:10,2018/1/20 13:10,420,790,84,158
PK469,2018/1/20 0:00, 7:15,GN969,I,N,2018/1/20 0:00,12:00:00,GN0492,D,ILU,LXM,0,2018/1/20 7:15,2018/1/20 12:00,1,0,0,1,2018/1/20 7:15,2018/1/20 12:45,2018/1/20 12:45,435,765,87,153
PK470,2018/1/20 0:00, 7:20,GN973,I,N,2018/1/20 0:00, 8:35,GN940,I,LVM,CLL,0,2018/1/20 7:20,2018/1/20 8:35,1,0,1,0,2018/1/20 7:20,2018/1/20 9:20,2018/1/20 9:20,440,560,88,112
PK471,2018/1/20 0:00, 7:20,NV659,I,W,2018/1/20 0:00,17:20:00,NV682,I,CLL,IOM,1,2018/1/20 7:20,2018/1/20 17:20,1,0,1,0,2018/1/20 7:20,2018/1/20 18:05,2018/1/20 18:05,440,1085,88,217
PK472,2018/1/20 0:00,7:05:00,NV393,I,N,2018/1/20 0:00, 9:30,NV6576,D,THO,LIO,0,2018/1/20 7:05,2018/1/20 9:30,1,0,0,1,2018/1/20 7:05,2018/1/20 10:15,2018/1/20 10:15,425,615,85,123
PK473,2018/1/20 0:00, 7:55,NV6700,D,N,2018/1/20 0:00, 9:30,NV6700,D,OHC,VSD,0,2018/1/20 7:55,2018/1/20 9:30,0,1,0,1,2018/1/20 7:55,2018/1/20 10:15,2018/1/20 10:15,475,615,95,123
PK474,2018/1/20 0:00, 8:25,NV3992,D,N,2018/1/20 0:00, 9:30,NV630,I,OLH,OHP,0,2018/1/20 8:25,2018/1/20 9:30,0,1,1,0,2018/1/20 8:25,2018/1/20 10:15,2018/1/20 10:15,505,615,101,123
PK475,2018/1/20 0:00, 8:35,NV6135,I,N,2018/1/20 0:00,10:20:00,NV3196,I,DFC,PLB,0,2018/1/20 8:35,2018/1/20 10:20,1,0,1,0,2018/1/20 8:35,2018/1/20 11:05,2018/1/20 11:05,515,665,103,133
PK476,2018/1/20 0:00, 8:35,*****,D,N,2018/1/20 0:00, 9:25,GN0408,D,***,DTY,0,2018/1/20 8:35,2018/1/20 9:25,0,1,0,1,2018/1/20 8:35,2018/1/20 10:10,2018/1/20 10:10,515,610,103,122
PK477,2018/1/20 0:00, 8:40,NV6577,D,N,2018/1/20 0:00, 9:50,NV6577,D,LIO,TIF,0,2018/1/20 8:40,2018/1/20 9:50,0,1,0,1,2018/1/20 8:40,2018/1/20 10:35,2018/1/20 10:35,520,635,104,127
PK478,2018/1/20 0:00, 8:40,NV6697,D,N,2018/1/20 0:00, 9:45,NV6612,D,XOA,XOA,0,2018/1/20 8:40,2018/1/20 9:45,0,1,0,1,2018/1/20 8:40,2018/1/20 10:30,2018/1/20 10:30,520,630,104,126
PK479,2018/1/20 0:00, 8:45,NV6645,D,N,2018/1/20 0:00,10:20:00,NV6644,D,UOB,UOB,0,2018/1/20 8:45,2018/1/20 10:20,0,1,0,1,2018/1/20 8:45,2018/1/20 11:05,2018/1/20 11:05,525,665,105,133
PK480,2018/1/20 0:00, 8:45,NV6698,D,N,2018/1/20 0:00,21:35:00,NV6578,D,IGF,IGF,0,2018/1/20 8:45,2018/1/20 21:35,0,1,0,1,2018/1/20 8:45,2018/1/20 22:20,2018/1/20 22:20,525,1340,105,268
PK481,2018/1/20 0:00, 8:55,NV3620,D,N,2018/1/20 0:00,10:00:00,NV626,I,XVI,LJY,0,2018/1/20 8:55,2018/1/20 10:00,0,1,1,0,2018/1/20 8:55,2018/1/20 10:45,2018/1/20 10:45,535,645,107,129
PK482,2018/1/20 0:00, 8:55,NV6684,D,N,2018/1/20 0:00,10:05:00,NV6684,D,UBP,LPX,0,2018/1/20 8:55,2018/1/20 10:05,0,1,0,1,2018/1/20 8:55,2018/1/20 10:50,2018/1/20 10:50,535,650,107,130
PK483,2018/1/20 0:00,9:00:00,NV603,I,W,2018/1/20 0:00,10:25:00,NV603,D,TWP,TZY,1,2018/1/20 9:00,2018/1/20 10:25,1,0,0,1,2018/1/20 9:00,2018/1/20 11:10,2018/1/20 11:10,540,670,108,134
PK484,2018/1/20 0:00, 9:10,GN0631,D,N,2018/1/20 0:00,10:00:00,*****,D,XOA,***,0,2018/1/20 9:10,2018/1/20 10:00,0,1,0,1,2018/1/20 9:10,2018/1/20 10:45,2018/1/20 10:45,550,645,110,129
PK485,2018/1/20 0:00, 9:15,NV628,D,N,2018/1/20 0:00,10:35:00,NV628,I,XVI,GVL,0,2018/1/20 9:15,2018/1/20 10:35,0,1,1,0,2018/1/20 9:15,2018/1/20 11:20,2018/1/20 11:20,555,680,111,136
PK486,2018/1/20 0:00, 9:20,GN0369,D,N,2018/1/20 0:00,10:35:00,GN0202,D,YNO,EMD,0,2018/1/20 9:20,2018/1/20 10:35,0,1,0,1,2018/1/20 9:20,2018/1/20 11:20,2018/1/20 11:20,560,680,112,136
PK487,2018/1/20 0:00, 9:20,NV698,D,W,2018/1/20 0:00,11:30:00,NV698,I,GPD,KGL,1,2018/1/20 9:20,2018/1/20 11:30,0,1,1,0,2018/1/20 9:20,2018/1/20 12:15,2018/1/20 12:15,560,735,112,147
PK488,2018/1/20 0:00, 9:25,NV6773,D,N,2018/1/20 0:00,10:40:00,NV6773,D,EMD,GPD,0,2018/1/20 9:25,2018/1/20 10:40,0,1,0,1,2018/1/20 9:25,2018/1/20 11:25,2018/1/20 11:25,565,685,113,137
PK489,2018/1/20 0:00, 9:30,GN0439,D,N,2018/1/20 0:00,11:00:00,GN0284,D,DHP,KOH,0,2018/1/20 9:30,2018/1/20 11:00,0,1,0,1,2018/1/20 9:30,2018/1/20 11:45,2018/1/20 11:45,570,705,114,141
PK490,2018/1/20 0:00, 9:35,NV3513,D,N,2018/1/20 0:00,10:45:00,NV3512,D,UZO,UZO,0,2018/1/20 9:35,2018/1/20 10:45,0,1,0,1,2018/1/20 9:35,2018/1/20 11:30,2018/1/20 11:30,575,690,115,138
PK491,2018/1/20 0:00, 9:35,NV6655,D,N,2018/1/20 0:00,11:15:00,NV6622,D,ZOU,UBP,0,2018/1/20 9:35,2018/1/20 11:15,0,1,0,1,2018/1/20 9:35,2018/1/20 12:00,2018/1/20 12:00,575,720,115,144
PK492,2018/1/20 0:00, 9:40,GN0571,D,N,2018/1/20 0:00,14:15:00,GN966,I,LXF,CLL,0,2018/1/20 9:40,2018/1/20 14:15,0,1,1,0,2018/1/20 9:40,2018/1/20 15:00,2018/1/20 15:00,580,900,116,180
PK493,2018/1/20 0:00, 9:40,NV6533,D,N,2018/1/20 0:00,11:05:00,NV6536,D,DLH,DLH,0,2018/1/20 9:40,2018/1/20 11:05,0,1,0,1,2018/1/20 9:40,2018/1/20 11:50,2018/1/20 11:50,580,710,116,142
PK494,2018/1/20 0:00, 9:45,GN0493,D,N,2018/1/20 0:00,10:50:00,GN0493,D,LXM,DHR,0,2018/1/20 9:45,2018/1/20 10:50,0,1,0,1,2018/1/20 9:45,2018/1/20 11:35,2018/1/20 11:35,585,695,117,139
PK495,2018/1/20 0:00, 9:45,NV6163,I,N,2018/1/20 0:00,11:25:00,NV6390,D,JDO,AVI,0,2018/1/20 9:45,2018/1/20 11:25,1,0,0,1,2018/1/20 9:45,2018/1/20 12:10,2018/1/20 12:10,585,730,117,146
PK496,2018/1/20 0:00, 9:50,GN0181,D,N,2018/1/20 0:00,11:05:00,GN0298,D,UTO,TIF,0,2018/1/20 9:50,2018/1/20 11:05,0,1,0,1,2018/1/20 9:50,2018/1/20 11:50,2018/1/20 11:50,590,710,118,142
PK497,2018/1/20 0:00, 9:50,GN0413,D,N,2018/1/20 0:00,11:10:00,GN0530,D,DBO,IOZ,0,2018/1/20 9:50,2018/1/20 11:10,0,1,0,1,2018/1/20 9:50,2018/1/20 11:55,2018/1/20 11:55,590,715,118,143
PK498,2018/1/20 0:00, 9:50,NV6479,D,N,2018/1/20 0:00,11:05:00,NV6752,D,DTY,EMD,0,2018/1/20 9:50,2018/1/20 11:05,0,1,0,1,2018/1/20 9:50,2018/1/20 11:50,2018/1/20 11:50,590,710,118,142
PK499,2018/1/20 0:00, 9:50,NV837,I,N,2018/1/20 0:00,13:00:00,NV3194,D,ILH,UTO,0,2018/1/20 9:50,2018/1/20 13:00,1,0,0,1,2018/1/20 9:50,2018/1/20 13:45,2018/1/20 13:45,590,825,118,165
PK500,2018/1/20 0:00, 9:55,GN0471,D,N,2018/1/20 0:00,11:30:00,GN0208,D,AIB,BPH,0,2018/1/20 9:55,2018/1/20 11:30,0,1,0,1,2018/1/20 9:55,2018/1/20 12:15,2018/1/20 12:15,595,735,119,147
PK501,2018/1/20 0:00, 9:55,NV6313,D,N,2018/1/20 0:00,11:00:00,NV6518,D,IBL,DUV,0,2018/1/20 9:55,2018/1/20 11:00,0,1,0,1,2018/1/20 9:55,2018/1/20 11:45,2018/1/20 11:45,595,705,119,141
