到达航班,出发航班,到达类型,出发类型,到达转场号,出发转场号,乘客数,conn_gap_min,transfer_time_max,最大换乘紧张度,航班乘客总体最大换乘紧张度
NV323,NV318,I,I,PK260,PK464,44,105.0,53.0,0.5047619047619047,22.20952380952381
NV849,NV6297,I,D,PK377,PK368,14,95.0,81.0,0.8526315789473684,11.936842105263157
NV858,NV6144,D,I,PK265,PK261,17,105.0,73.0,0.6952380952380952,11.819047619047618
NV677,NV6154,I,I,PK449,PK156,49,230.0,53.0,0.23043478260869565,11.291304347826086
NV615,NV6720,I,D,PK354,PK346,20,150.0,81.0,0.54,10.8
NV883,NV6773,I,D,PK466,PK488,30,225.0,81.0,0.36,10.799999999999999
NV841,NV3703,I,D,PK274,PK278,17,150.0,81.0,0.54,9.18
NV655,NV6734,I,D,PK457,PK171,19,170.0,81.0,0.4764705882352941,9.052941176470588
NV6241,NV880,D,I,PK168,PK106,24,195.0,73.0,0.37435897435897436,8.984615384615385
NV3119,NV6632,I,D,PK368,PK398,18,175.0,81.0,0.46285714285714286,8.331428571428571
NV6155,NV656,I,I,PK285,PK304,26,170.0,53.0,0.31176470588235294,8.105882352941176
NV6684,NV618,D,I,PK482,PK262,16,150.0,73.0,0.4866666666666667,7.786666666666667
NV673,NV6714,I,D,PK373,PK369,11,115.0,81.0,0.7043478260869566,7.747826086956522
NV382,NV638,D,I,PK313,PK334,14,135.0,73.0,0.5407407407407407,7.57037037037037
NV6241,NV880,D,I,PK412,PK458,20,195.0,73.0,0.37435897435897436,7.487179487179487
NV883,NV6577,I,D,PK466,PK477,16,175.0,81.0,0.46285714285714286,7.405714285714286
NV6713,NV614,D,I,PK266,PK260,10,100.0,73.0,0.73,7.3
NV343,NV6152,I,I,PK460,PK450,27,200.0,53.0,0.265,7.155
NV6575,NV830,D,I,PK293,PK275,23,240.0,73.0,0.30416666666666664,6.995833333333333
NV383,NV6742,I,D,PK290,PK295,12,145.0,81.0,0.5586206896551724,6.703448275862069
NV3120,NV858,D,I,PK257,PK265,11,120.0,73.0,0.6083333333333333,6.691666666666666
NV6709,NV656,D,I,PK297,PK304,9,100.0,73.0,0.73,6.57
NV6785,NV610,D,I,PK271,PK274,12,135.0,73.0,0.5407407407407407,6.488888888888889
NV323,NV692,I,I,PK260,PK089,23,190.0,53.0,0.2789473684210526,6.41578947368421
NV871,NV6152,I,I,PK455,PK450,26,235.0,53.0,0.225531914893617,5.863829787234042
NV6405,NV846,D,I,PK418,PK370,10,125.0,73.0,0.584,5.84
NV6753,NV826,D,I,PK378,PK382,10,125.0,73.0,0.584,5.84
NV3421,NV658,D,I,PK355,PK352,10,130.0,73.0,0.5615384615384615,5.615384615384615
NV3119,NV6714,I,D,PK368,PK369,9,130.0,81.0,0.6230769230769231,5.607692307692307
NV689,NV6446,I,D,PK464,PK184,11,160.0,81.0,0.50625,5.56875
NV6479,NV820,D,I,PK498,PK263,8,105.0,73.0,0.6952380952380952,5.561904761904762
NV635,NV859,I,D,PK333,PK366,18,265.0,81.0,0.30566037735849055,5.50188679245283
NV6117,NV664,I,I,PK393,PK363,22,215.0,53.0,0.24651162790697675,5.423255813953489
NV665,NV6612,I,D,PK468,PK478,11,165.0,81.0,0.4909090909090909,5.4
NV6575,NV382,D,I,PK293,PK313,12,165.0,73.0,0.44242424242424244,5.3090909090909095
NV6171,NV616,I,I,PK295,PK303,11,110.0,53.0,0.4818181818181818,5.3
NV655,NV6358,I,D,PK457,PK136,10,155.0,81.0,0.5225806451612903,5.225806451612903
NV673,NV6578,I,D,PK373,PK480,8,125.0,81.0,0.648,5.184
NV6171,NV656,I,I,PK295,PK304,10,105.0,53.0,0.5047619047619047,5.0476190476190474
NV323,NV694,I,I,PK260,PK453,17,180.0,53.0,0.29444444444444445,5.0055555555555555
NV655,NV6708,I,D,PK457,PK443,8,130.0,81.0,0.6230769230769231,4.984615384615385
NV309,NV6616,I,D,PK454,PK185,13,220.0,81.0,0.36818181818181817,4.786363636363636
NV847,NV6230,I,D,PK453,PK155,14,240.0,81.0,0.3375,4.7250000000000005
NV383,NV6574,I,D,PK290,PK293,5,90.0,81.0,0.9,4.5
NV6117,NV6811,I,D,PK393,PK399,6,110.0,81.0,0.7363636363636363,4.418181818181818
NV6773,NV618,D,I,PK488,PK262,7,120.0,73.0,0.6083333333333333,4.258333333333333
NV689,NV6230,I,D,PK464,PK155,8,155.0,81.0,0.5225806451612903,4.180645161290323
NV6713,NV318,D,I,PK266,PK464,5,90.0,73.0,0.8111111111111111,4.055555555555555
NV6699,NV840,D,I,PK408,PK349,10,180.0,73.0,0.40555555555555556,4.055555555555555
NV621,NV6632,I,D,PK386,PK398,6,120.0,81.0,0.675,4.050000000000001
NV3703,NV6742,I,D,PK278,PK295,11,230.0,81.0,0.3521739130434783,3.873913043478261
NV6753,NV654,D,I,PK378,PK377,11,220.0,73.0,0.33181818181818185,3.6500000000000004
NV6551,NV6134,D,I,PK388,PK391,12,240.0,73.0,0.30416666666666664,3.6499999999999995
NV871,NV6154,I,I,PK455,PK156,11,160.0,53.0,0.33125,3.64375
NV883,NV3196,I,I,PK466,PK475,14,205.0,53.0,0.25853658536585367,3.6195121951219513
NV827,NV6528,I,D,PK382,PK381,4,90.0,81.0,0.9,3.6
NV6145,NV308,I,I,PK343,PK333,10,150.0,53.0,0.35333333333333333,3.533333333333333
NV891,NV6154,I,I,PK458,PK156,9,135.0,53.0,0.3925925925925926,3.533333333333333
NV6533,NV318,D,I,PK493,PK464,7,145.0,73.0,0.503448275862069,3.524137931034483
NV6697,NV898,D,I,PK478,PK159,11,230.0,73.0,0.3173913043478261,3.491304347826087
NV619,NV6784,I,D,PK344,PK359,6,140.0,81.0,0.5785714285714286,3.4714285714285715
NV689,NV6152,I,I,PK464,PK450,11,170.0,53.0,0.31176470588235294,3.4294117647058826
NV6737,NV6134,D,I,PK414,PK391,7,150.0,73.0,0.4866666666666667,3.4066666666666667
NV673,NV6528,I,D,PK373,PK381,5,120.0,81.0,0.675,3.375
NV849,NV699,I,D,PK377,PK374,5,120.0,81.0,0.675,3.375
NV6241,NV654,D,I,PK412,PK377,5,110.0,73.0,0.6636363636363637,3.3181818181818183
NV6241,NV6134,D,I,PK412,PK391,7,155.0,73.0,0.47096774193548385,3.296774193548387
NV3513,NV346,D,I,PK490,PK456,7,155.0,73.0,0.47096774193548385,3.296774193548387
NV6171,NV3273,I,D,PK295,PK297,7,175.0,81.0,0.46285714285714286,3.24
NV883,NV3280,I,D,PK466,PK174,7,180.0,81.0,0.45,3.15
NV6633,NV880,D,I,PK398,PK458,10,235.0,73.0,0.31063829787234043,3.1063829787234045
NV698,NV318,D,I,PK487,PK464,7,165.0,73.0,0.44242424242424244,3.096969696969697
NV302,NV642,D,I,PK319,PK337,6,145.0,73.0,0.503448275862069,3.020689655172414
NV820,NV676,D,I,PK263,PK463,10,250.0,73.0,0.292,2.92
NV6700,NV626,D,I,PK473,PK481,5,125.0,73.0,0.584,2.92
NV6405,NV880,D,I,PK418,PK458,7,175.0,73.0,0.41714285714285715,2.92
NV6535,NV640,D,I,PK273,PK466,4,100.0,73.0,0.73,2.92
NV827,NV3652,I,D,PK382,PK415,6,170.0,81.0,0.4764705882352941,2.8588235294117643
NV633,NV6478,I,D,PK375,PK396,4,115.0,81.0,0.7043478260869566,2.8173913043478263
NV6653,NV880,D,I,PK407,PK458,8,215.0,73.0,0.3395348837209302,2.7162790697674417
NV6443,NV670,D,I,PK256,PK468,5,135.0,73.0,0.5407407407407407,2.7037037037037037
NV3553,NV840,D,I,PK176,PK104,5,135.0,73.0,0.5407407407407407,2.7037037037037037
NV827,NV6652,I,D,PK382,PK407,5,150.0,81.0,0.54,2.7
NV633,NV6544,I,D,PK375,PK376,3,90.0,81.0,0.9,2.7
NV6737,NV880,D,I,PK414,PK458,7,190.0,73.0,0.38421052631578945,2.689473684210526
NV6735,NV656,D,I,PK286,PK304,6,165.0,73.0,0.44242424242424244,2.6545454545454548
NV655,NV6154,I,I,PK457,PK156,7,140.0,53.0,0.37857142857142856,2.65
NV3260,NV308,D,I,PK326,PK333,8,225.0,73.0,0.3244444444444444,2.5955555555555554
NV6697,NV670,D,I,PK478,PK468,8,225.0,73.0,0.3244444444444444,2.5955555555555554
NV305,NV6488,I,D,PK270,PK256,4,125.0,81.0,0.648,2.592
NV655,NV6738,I,D,PK457,PK117,4,125.0,81.0,0.648,2.592
NV883,NV6230,I,D,PK466,PK155,4,125.0,81.0,0.648,2.592
NV628,NV318,D,I,PK485,PK464,6,170.0,73.0,0.4294117647058823,2.576470588235294
NV851,NV6154,I,I,PK461,PK156,6,125.0,53.0,0.424,2.544
NV6307,NV662,D,I,PK272,PK094,4,115.0,73.0,0.6347826086956522,2.5391304347826087
NV6119,NV6784,I,D,PK340,PK359,5,160.0,81.0,0.50625,2.53125
NV6145,NV658,I,I,PK343,PK352,9,190.0,53.0,0.2789473684210526,2.5105263157894733
NV3119,NV6652,I,D,PK368,PK407,6,195.0,81.0,0.4153846153846154,2.4923076923076923
NV659,NV306,I,I,PK471,PK148,6,130.0,53.0,0.4076923076923077,2.4461538461538463
NV6699,NV608,D,I,PK165,PK108,6,180.0,73.0,0.40555555555555556,2.4333333333333336
NV6763,NV836,D,I,PK376,PK378,3,90.0,73.0,0.8111111111111111,2.4333333333333336
NV382,NV682,D,I,PK313,PK471,4,120.0,73.0,0.6083333333333333,2.433333333333333
NV615,NV688,I,I,PK354,PK347,7,155.0,53.0,0.3419354838709677,2.393548387096774
NV835,NV6718,I,D,PK275,PK288,5,170.0,81.0,0.4764705882352941,2.3823529411764706
NV621,NV6652,I,D,PK386,PK407,4,140.0,81.0,0.5785714285714286,2.3142857142857145
NV6155,NV629,I,D,PK285,PK311,6,210.0,81.0,0.38571428571428573,2.3142857142857145
NV304,NV642,D,I,PK332,PK337,3,95.0,73.0,0.7684210526315789,2.3052631578947365
NV6294,NV398,D,I,PK253,PK271,6,190.0,73.0,0.38421052631578945,2.3052631578947365
NV6735,NV6556,D,D,PK286,PK282,8,185.0,53.0,0.2864864864864865,2.291891891891892
NV6527,NV6134,D,I,PK139,PK149,8,255.0,73.0,0.28627450980392155,2.2901960784313724
NV309,NV634,I,I,PK454,PK454,10,235.0,53.0,0.225531914893617,2.25531914893617
NV673,NV6652,I,D,PK373,PK407,5,180.0,81.0,0.45,2.25
NV3703,NV6718,I,D,PK278,PK288,4,145.0,81.0,0.5586206896551724,2.2344827586206897
NV3654,NV830,D,I,PK294,PK275,7,230.0,73.0,0.3173913043478261,2.2217391304347824
NV633,NV6714,I,D,PK375,PK369,3,110.0,81.0,0.7363636363636363,2.209090909090909
NV6575,NV6162,D,I,PK293,PK324,6,200.0,73.0,0.365,2.19
NV851,NV6230,I,D,PK461,PK155,5,185.0,81.0,0.43783783783783786,2.1891891891891895
NV6735,NV616,D,I,PK286,PK303,5,170.0,73.0,0.4294117647058823,2.1470588235294117
NV665,NV6616,I,D,PK468,PK185,3,115.0,81.0,0.7043478260869566,2.11304347826087
NV847,NV675,I,D,PK453,PK452,3,115.0,81.0,0.7043478260869566,2.11304347826087
NV698,NV6144,D,I,PK487,PK261,5,175.0,73.0,0.41714285714285715,2.085714285714286
NV6725,NV392,D,I,PK389,PK402,3,105.0,73.0,0.6952380952380952,2.0857142857142854
NV6453,NV686,D,I,PK315,PK301,3,105.0,73.0,0.6952380952380952,2.0857142857142854
NV6737,NV654,D,I,PK414,PK377,3,105.0,73.0,0.6952380952380952,2.0857142857142854
NV689,NV612,I,I,PK464,PK177,5,130.0,53.0,0.4076923076923077,2.0384615384615383
NV6153,NV656,I,I,PK292,PK304,5,130.0,53.0,0.4076923076923077,2.0384615384615383
NV6145,NV6478,I,D,PK343,PK396,6,240.0,81.0,0.3375,2.0250000000000004
NV6642,NV654,D,I,PK401,PK377,4,145.0,73.0,0.503448275862069,2.013793103448276
NV302,NV638,D,I,PK319,PK334,3,110.0,73.0,0.6636363636363637,1.9909090909090912
NV6698,NV628,D,I,PK480,PK485,3,110.0,73.0,0.6636363636363637,1.9909090909090912
NV6713,NV670,D,I,PK266,PK468,3,110.0,73.0,0.6636363636363637,1.9909090909090912
NV3120,NV318,D,I,PK257,PK464,3,110.0,73.0,0.6636363636363637,1.9909090909090912
NV6731,NV614,D,I,PK262,PK260,3,110.0,73.0,0.6636363636363637,1.9909090909090912
NV323,NV690,I,I,PK260,PK208,9,240.0,53.0,0.22083333333333333,1.9874999999999998
NV643,NV6722,I,D,PK269,PK196,5,205.0,81.0,0.3951219512195122,1.975609756097561
NV698,NV670,D,I,PK487,PK468,5,185.0,73.0,0.3945945945945946,1.972972972972973
NV677,NV3615,I,D,PK449,PK447,4,165.0,81.0,0.4909090909090909,1.9636363636363636
NV633,NV846,I,I,PK375,PK370,10,270.0,53.0,0.1962962962962963,1.962962962962963
NV383,NV6685,I,D,PK290,PK300,3,125.0,81.0,0.648,1.944
NV6145,NV831,I,D,PK343,PK353,3,125.0,81.0,0.648,1.944
NV673,NV664,I,I,PK131,PK107,10,275.0,53.0,0.19272727272727272,1.9272727272727272
NV6643,NV840,D,I,PK161,PK104,5,190.0,73.0,0.38421052631578945,1.9210526315789473
NV698,NV898,D,I,PK487,PK159,5,190.0,73.0,0.38421052631578945,1.9210526315789473
NV659,NV698,I,I,PK471,PK487,9,250.0,53.0,0.212,1.908
NV673,NV6811,I,D,PK373,PK399,4,170.0,81.0,0.4764705882352941,1.9058823529411764
NV309,NV3263,I,D,PK454,PK170,4,170.0,81.0,0.4764705882352941,1.9058823529411764
NV6153,NV629,I,D,PK292,PK311,4,170.0,81.0,0.4764705882352941,1.9058823529411764
NV632,NV346,D,I,PK258,PK456,3,115.0,73.0,0.6347826086956522,1.9043478260869566
NV6307,NV640,D,I,PK272,PK466,3,115.0,73.0,0.6347826086956522,1.9043478260869566
NV673,NV320,I,I,PK373,PK373,10,280.0,53.0,0.18928571428571428,1.8928571428571428
NV6719,NV616,D,I,PK288,PK303,4,155.0,73.0,0.47096774193548385,1.8838709677419354
NV677,NV6738,I,D,PK449,PK117,5,215.0,81.0,0.3767441860465116,1.883720930232558
NV883,NV6514,I,D,PK466,PK195,3,130.0,81.0,0.6230769230769231,1.8692307692307693
NV851,NV6152,I,I,PK461,PK450,7,200.0,53.0,0.265,1.855
NV6155,NV6742,I,D,PK285,PK295,4,175.0,81.0,0.46285714285714286,1.8514285714285714
NV6135,NV810,I,I,PK475,PK445,8,230.0,53.0,0.23043478260869565,1.8434782608695652
NV659,NV6152,I,I,PK471,PK450,4,115.0,53.0,0.4608695652173913,1.8434782608695652
NV6725,NV880,D,I,PK389,PK458,7,280.0,73.0,0.26071428571428573,1.8250000000000002
NV3120,NV6144,D,I,PK257,PK261,3,120.0,73.0,0.6083333333333333,1.8249999999999997
NV3992,NV670,D,I,PK474,PK468,6,240.0,73.0,0.30416666666666664,1.8249999999999997
NV6733,NV654,D,I,PK410,PK377,3,120.0,73.0,0.6083333333333333,1.8249999999999997
NV6785,NV662,D,I,PK271,PK094,3,120.0,73.0,0.6083333333333333,1.8249999999999997
NV6171,NV6685,I,D,PK295,PK300,2,90.0,81.0,0.9,1.8
NV673,NV6325,I,D,PK373,PK380,2,90.0,81.0,0.9,1.8
NV891,NV6576,I,D,PK458,PK472,5,225.0,81.0,0.36,1.7999999999999998
NV6145,NV3131,I,D,PK343,PK351,3,135.0,81.0,0.6,1.7999999999999998
NV304,NV308,D,I,PK332,PK333,5,205.0,73.0,0.35609756097560974,1.7804878048780486
NV651,NV846,I,I,PK400,PK370,6,180.0,53.0,0.29444444444444445,1.7666666666666666
NV657,NV6162,I,I,PK316,PK324,4,120.0,53.0,0.44166666666666665,1.7666666666666666
NV847,NV6154,I,I,PK453,PK156,6,180.0,53.0,0.29444444444444445,1.7666666666666666
NV619,NV308,I,I,PK344,PK333,5,150.0,53.0,0.35333333333333333,1.7666666666666666
NV841,NV674,I,I,PK274,PK280,6,180.0,53.0,0.29444444444444445,1.7666666666666666
NV3702,NV308,D,I,PK330,PK333,5,210.0,73.0,0.3476190476190476,1.7380952380952381
NV673,NV664,I,I,PK373,PK363,9,275.0,53.0,0.19272727272727272,1.7345454545454544
NV6117,NV664,I,I,PK151,PK107,7,215.0,53.0,0.24651162790697675,1.7255813953488373
NV6489,NV6714,D,D,PK352,PK369,6,185.0,53.0,0.2864864864864865,1.7189189189189191
NV6513,NV698,D,I,PK254,PK487,2,85.0,73.0,0.8588235294117647,1.7176470588235293
NV6697,NV698,D,I,PK478,PK487,4,170.0,73.0,0.4294117647058823,1.7176470588235293
NV6698,NV820,D,I,PK480,PK263,4,170.0,73.0,0.4294117647058823,1.7176470588235293
NV659,NV6616,I,D,PK471,PK185,2,95.0,81.0,0.8526315789473684,1.7052631578947368
NV6772,NV846,D,I,PK153,PK129,5,215.0,73.0,0.3395348837209302,1.697674418604651
NV3992,NV628,D,I,PK474,PK485,3,130.0,73.0,0.5615384615384615,1.6846153846153846
NV873,NV629,I,D,PK296,PK311,3,145.0,81.0,0.5586206896551724,1.6758620689655173
NV849,NV6772,I,D,PK377,PK395,3,145.0,81.0,0.5586206896551724,1.6758620689655173
NV659,NV318,I,I,PK471,PK464,9,285.0,53.0,0.18596491228070175,1.6736842105263157
NV891,NV6230,I,D,PK458,PK155,4,195.0,81.0,0.4153846153846154,1.6615384615384616
NV6301,NV6714,D,D,PK346,PK369,7,225.0,53.0,0.23555555555555555,1.6488888888888888
NV6294,NV698,D,I,PK253,PK487,2,90.0,73.0,0.8111111111111111,1.6222222222222222
NV6443,NV810,D,I,PK256,PK445,3,135.0,73.0,0.5407407407407407,1.6222222222222222
NV6453,NV304,D,I,PK315,PK332,3,135.0,73.0,0.5407407407407407,1.6222222222222222
NV3260,NV860,D,I,PK326,PK365,5,225.0,73.0,0.3244444444444444,1.6222222222222222
NV6698,NV632,D,I,PK480,PK258,4,180.0,73.0,0.40555555555555556,1.6222222222222222
NV309,NV3615,I,D,PK454,PK447,2,100.0,81.0,0.81,1.62
NV689,NV6616,I,D,PK464,PK185,3,150.0,81.0,0.54,1.62
NV309,NV675,I,D,PK454,PK452,2,100.0,81.0,0.81,1.62
NV847,NV6724,I,D,PK453,PK147,4,200.0,81.0,0.405,1.62
NV3197,NV6784,I,D,PK329,PK359,4,200.0,81.0,0.405,1.62
NV6714,NV6720,D,D,PK369,PK346,3,100.0,53.0,0.53,1.59
NV6642,NV880,D,I,PK160,PK106,5,230.0,73.0,0.3173913043478261,1.5869565217391304
NV3992,NV6773,D,D,PK474,PK488,4,135.0,53.0,0.3925925925925926,1.5703703703703704
NV6737,NV846,D,I,PK169,PK129,3,140.0,73.0,0.5214285714285715,1.5642857142857145
NV6405,NV840,D,I,PK418,PK349,3,140.0,73.0,0.5214285714285715,1.5642857142857145
NV382,NV308,D,I,PK313,PK333,6,280.0,73.0,0.26071428571428573,1.5642857142857145
NV309,NV6152,I,I,PK454,PK450,7,240.0,53.0,0.22083333333333333,1.5458333333333334
NV3703,NV6722,I,D,PK278,PK196,2,105.0,81.0,0.7714285714285715,1.542857142857143
NV673,NV6297,I,D,PK373,PK368,2,105.0,81.0,0.7714285714285715,1.542857142857143
NV347,NV6514,I,D,PK456,PK195,4,210.0,81.0,0.38571428571428573,1.542857142857143
NV3260,NV688,D,I,PK326,PK347,6,285.0,73.0,0.256140350877193,1.536842105263158
NV6717,NV834,D,I,PK337,PK327,2,95.0,73.0,0.7684210526315789,1.5368421052631578
NV6713,NV346,D,I,PK266,PK456,2,95.0,73.0,0.7684210526315789,1.5368421052631578
NV6533,NV3120,D,I,PK493,PK257,2,95.0,73.0,0.7684210526315789,1.5368421052631578
NV6443,NV632,D,I,PK256,PK258,2,95.0,73.0,0.7684210526315789,1.5368421052631578
NV831,NV859,I,D,PK353,PK366,3,160.0,81.0,0.50625,1.5187499999999998
NV6714,NV6632,D,D,PK369,PK398,5,175.0,53.0,0.3028571428571429,1.5142857142857145
NV6163,NV674,I,I,PK495,PK280,8,280.0,53.0,0.18928571428571428,1.5142857142857142
NV6763,NV6472,D,D,PK376,PK356,3,105.0,53.0,0.5047619047619047,1.5142857142857142
NV6715,NV834,D,I,PK325,PK327,3,145.0,73.0,0.503448275862069,1.510344827586207
GN0631,NV670,D,I,PK484,PK468,4,195.0,73.0,0.37435897435897436,1.4974358974358974
NV6773,NV692,D,I,PK488,PK089,5,245.0,73.0,0.2979591836734694,1.489795918367347
NV613,NV6726,I,D,PK303,PK329,3,165.0,81.0,0.4909090909090909,1.4727272727272727
NV849,NV3655,I,D,PK377,PK372,2,110.0,81.0,0.7363636363636363,1.4727272727272727
NV851,NV6738,I,D,PK461,PK117,2,110.0,81.0,0.7363636363636363,1.4727272727272727
NV677,NV6708,I,D,PK449,PK443,4,220.0,81.0,0.36818181818181817,1.4727272727272727
NV847,NV6738,I,D,PK453,PK117,3,165.0,81.0,0.4909090909090909,1.4727272727272727
NV687,NV6488,I,D,PK261,PK256,3,165.0,81.0,0.4909090909090909,1.4727272727272727
NV689,NV866,I,D,PK464,PK151,4,220.0,81.0,0.36818181818181817,1.4727272727272727
NV6241,NV320,D,I,PK168,PK131,3,150.0,73.0,0.4866666666666667,1.46
NV6731,NV318,D,I,PK262,PK464,2,100.0,73.0,0.73,1.46
NV3620,NV628,D,I,PK481,PK485,2,100.0,73.0,0.73,1.46
NV6294,NV898,D,I,PK253,PK159,3,150.0,73.0,0.4866666666666667,1.46
NV6294,NV828,D,I,PK253,PK461,2,100.0,73.0,0.73,1.46
NV659,NV634,I,I,PK471,PK454,3,110.0,53.0,0.4818181818181818,1.4454545454545453
NV6119,NV6720,I,D,PK340,PK346,4,225.0,81.0,0.36,1.44
NV347,NV6504,I,D,PK456,PK193,4,225.0,81.0,0.36,1.44
NV6199,NV6642,I,D,PK372,PK401,3,170.0,81.0,0.4764705882352941,1.4294117647058822
NV613,NV6710,I,D,PK303,PK325,3,170.0,81.0,0.4764705882352941,1.4294117647058822
NV849,NV6652,I,D,PK377,PK407,3,170.0,81.0,0.4764705882352941,1.4294117647058822
NV6715,NV624,D,I,PK325,PK344,3,155.0,73.0,0.47096774193548385,1.4129032258064516
NV6533,NV858,D,I,PK493,PK265,3,155.0,73.0,0.47096774193548385,1.4129032258064516
NV6733,NV846,D,I,PK410,PK370,3,155.0,73.0,0.47096774193548385,1.4129032258064516
NV6731,NV346,D,I,PK262,PK456,2,105.0,73.0,0.6952380952380952,1.3904761904761904
NV3992,NV316,D,I,PK474,PK112,2,105.0,73.0,0.6952380952380952,1.3904761904761904
NV3702,NV860,D,I,PK330,PK365,4,210.0,73.0,0.3476190476190476,1.3904761904761904
NV858,NV6118,D,I,PK265,PK460,2,105.0,73.0,0.6952380952380952,1.3904761904761904
NV6709,NV616,D,I,PK297,PK303,2,105.0,73.0,0.6952380952380952,1.3904761904761904
NV347,NV6734,I,D,PK456,PK171,3,175.0,81.0,0.46285714285714286,1.3885714285714286
NV675,NV6708,I,D,PK452,PK443,3,175.0,81.0,0.46285714285714286,1.3885714285714286
NV383,NV0746,I,D,PK290,PK315,3,175.0,81.0,0.46285714285714286,1.3885714285714286
NV6117,NV840,I,I,PK151,PK104,6,230.0,53.0,0.23043478260869565,1.382608695652174
NV343,NV6577,I,D,PK460,PK477,4,235.0,81.0,0.3446808510638298,1.3787234042553191
NV619,NV6714,I,D,PK344,PK369,4,235.0,81.0,0.3446808510638298,1.3787234042553191
NV657,NV308,I,I,PK316,PK333,7,270.0,53.0,0.1962962962962963,1.3740740740740742
NV6241,NV840,D,I,PK168,PK104,3,160.0,73.0,0.45625,1.36875
NV673,NV3655,I,D,PK373,PK372,2,120.0,81.0,0.675,1.35
NV3992,NV318,D,I,PK474,PK464,4,220.0,73.0,0.33181818181818185,1.3272727272727274
NV6653,NV846,D,I,PK407,PK370,3,165.0,73.0,0.44242424242424244,1.3272727272727274
NV6533,NV698,D,I,PK493,PK487,2,110.0,73.0,0.6636363636363637,1.3272727272727274
NV6709,NV642,D,I,PK297,PK337,4,220.0,73.0,0.33181818181818185,1.3272727272727274
GN0629,NV664,D,I,PK406,PK363,3,165.0,73.0,0.44242424242424244,1.3272727272727274
NV3992,NV6160,D,I,PK474,PK190,2,110.0,73.0,0.6636363636363637,1.3272727272727274
NV309,NV612,I,I,PK454,PK177,5,200.0,53.0,0.265,1.3250000000000002
NV6199,NV654,I,I,PK372,PK377,6,240.0,53.0,0.22083333333333333,1.325
NV6731,NV6713,D,D,PK262,PK266,3,120.0,53.0,0.44166666666666665,1.325
NV673,NV320,I,I,PK131,PK131,7,280.0,53.0,0.18928571428571428,1.325
NV827,NV664,I,I,PK382,PK363,6,245.0,53.0,0.2163265306122449,1.2979591836734694
NV629,NV3273,I,D,PK311,PK297,2,125.0,81.0,0.648,1.296
NV687,NV6713,I,D,PK261,PK266,2,125.0,81.0,0.648,1.296
NV317,NV6652,I,D,PK391,PK407,2,125.0,81.0,0.648,1.296
NV689,NV6734,I,D,PK464,PK171,2,125.0,81.0,0.648,1.296
NV674,NV6116,D,I,PK280,PK292,3,170.0,73.0,0.4294117647058823,1.288235294117647
NV3654,NV686,D,I,PK294,PK301,3,170.0,73.0,0.4294117647058823,1.288235294117647
NV6655,NV670,D,I,PK491,PK468,3,170.0,73.0,0.4294117647058823,1.288235294117647
NV6684,NV632,D,I,PK482,PK258,3,170.0,73.0,0.4294117647058823,1.288235294117647
NV891,NV6616,I,D,PK458,PK185,3,190.0,81.0,0.4263157894736842,1.2789473684210526
NV859,NV688,I,I,PK366,PK347,3,125.0,53.0,0.424,1.272
NV6713,NV674,D,I,PK266,PK280,4,230.0,73.0,0.3173913043478261,1.2695652173913043
NV3260,NV830,D,I,PK326,PK275,2,115.0,73.0,0.6347826086956522,1.2695652173913043
NV6643,NV846,D,I,PK402,PK370,3,175.0,73.0,0.41714285714285715,1.2514285714285713
NV6405,NV880,D,I,PK174,PK106,3,175.0,73.0,0.41714285714285715,1.2514285714285713
NV6119,NV308,I,I,PK340,PK333,4,170.0,53.0,0.31176470588235294,1.2470588235294118
NV851,NV3263,I,D,PK461,PK170,2,130.0,81.0,0.6230769230769231,1.2461538461538462
NV835,NV6722,I,D,PK275,PK196,2,130.0,81.0,0.6230769230769231,1.2461538461538462
NV6633,NV880,D,I,PK157,PK106,4,235.0,73.0,0.31063829787234043,1.2425531914893617
NV628,NV398,D,I,PK485,PK271,4,235.0,73.0,0.31063829787234043,1.2425531914893617
NV393,NV318,I,I,PK472,PK464,7,300.0,53.0,0.17666666666666667,1.2366666666666666
NV323,NV898,I,I,PK260,PK159,3,130.0,53.0,0.4076923076923077,1.2230769230769232
NV6653,NV840,D,I,PK407,PK349,3,180.0,73.0,0.40555555555555556,1.2166666666666668
NV6785,NV640,D,I,PK271,PK466,2,120.0,73.0,0.6083333333333333,1.2166666666666666
GN0423,NV686,D,I,PK310,PK301,2,120.0,73.0,0.6083333333333333,1.2166666666666666
NV632,NV858,D,I,PK258,PK265,2,120.0,73.0,0.6083333333333333,1.2166666666666666
NV831,NV699,I,D,PK353,PK374,3,200.0,81.0,0.405,1.215
NV849,NV664,I,I,PK377,PK363,6,265.0,53.0,0.2,1.2000000000000002
NV6153,NV6742,I,D,PK292,PK295,2,135.0,81.0,0.6,1.2
NV643,NV3194,I,D,PK269,PK499,2,135.0,81.0,0.6,1.2
NV873,NV6736,I,D,PK296,PK317,2,135.0,81.0,0.6,1.2
NV859,NV6811,I,D,PK366,PK399,3,205.0,81.0,0.3951219512195122,1.1853658536585368
NV665,GN0628,I,D,PK468,PK462,3,205.0,81.0,0.3951219512195122,1.1853658536585368
NV6633,NV664,D,I,PK398,PK363,3,185.0,73.0,0.3945945945945946,1.183783783783784
NV6577,NV632,D,I,PK477,PK258,3,185.0,73.0,0.3945945945945946,1.183783783783784
NV3992,NV698,D,I,PK474,PK487,3,185.0,73.0,0.3945945945945946,1.183783783783784
NV859,NV836,I,I,PK366,PK378,3,135.0,53.0,0.3925925925925926,1.1777777777777778
NV6489,NV6784,D,D,PK352,PK359,2,90.0,53.0,0.5888888888888889,1.1777777777777778
NV6145,NV848,I,I,PK343,PK316,3,135.0,53.0,0.3925925925925926,1.1777777777777778
NV651,NV664,I,I,PK159,PK107,4,180.0,53.0,0.29444444444444445,1.1777777777777778
NV399,NV688,I,I,PK359,PK347,3,135.0,53.0,0.3925925925925926,1.1777777777777778
NV6715,NV642,D,I,PK325,PK337,2,125.0,73.0,0.584,1.168
NV6294,NV318,D,I,PK253,PK464,2,125.0,73.0,0.584,1.168
NV6575,NV616,D,I,PK293,PK303,2,125.0,73.0,0.584,1.168
NV883,GN0628,I,D,PK466,PK462,3,210.0,81.0,0.38571428571428573,1.1571428571428573
NV643,NV6488,I,D,PK269,PK256,2,140.0,81.0,0.5785714285714286,1.1571428571428573
NV665,NV6504,I,D,PK468,PK193,2,140.0,81.0,0.5785714285714286,1.1571428571428573
NV6684,NV318,D,I,PK482,PK464,3,190.0,73.0,0.38421052631578945,1.1526315789473682
NV3620,NV346,D,I,PK481,PK456,3,195.0,73.0,0.37435897435897436,1.123076923076923
NV3702,NV848,D,I,PK330,PK316,3,195.0,73.0,0.37435897435897436,1.123076923076923
NV6684,NV346,D,I,PK482,PK456,3,195.0,73.0,0.37435897435897436,1.123076923076923
NV309,NV866,I,D,PK454,PK151,4,290.0,81.0,0.2793103448275862,1.1172413793103448
NV3992,NV632,D,I,PK474,PK258,3,200.0,73.0,0.365,1.095
NV6633,NV840,D,I,PK398,PK349,3,200.0,73.0,0.365,1.095
NV382,NV624,D,I,PK313,PK344,3,200.0,73.0,0.365,1.095
NV3120,NV898,D,I,PK257,PK159,2,135.0,73.0,0.5407407407407407,1.0814814814814815
NV6731,NV3118,D,I,PK262,PK253,2,135.0,73.0,0.5407407407407407,1.0814814814814815
NV6479,NV318,D,I,PK498,PK464,2,135.0,73.0,0.5407407407407407,1.0814814814814815
NV6294,NV614,D,I,PK253,PK260,2,135.0,73.0,0.5407407407407407,1.0814814814814815
NV677,NV3446,I,D,PK449,PK150,2,150.0,81.0,0.54,1.08
NV347,NV3263,I,D,PK456,PK170,2,150.0,81.0,0.54,1.08
NV665,NV6576,I,D,PK468,PK472,2,150.0,81.0,0.54,1.08
NV659,NV6577,I,D,PK471,PK477,2,150.0,81.0,0.54,1.08
NV849,NV6632,I,D,PK377,PK398,2,150.0,81.0,0.54,1.08
NV687,NV6574,I,D,PK261,PK293,4,300.0,81.0,0.27,1.08
NV309,NV6230,I,D,PK454,PK155,3,225.0,81.0,0.36,1.08
NV6715,NV658,D,I,PK325,PK352,4,275.0,73.0,0.26545454545454544,1.0618181818181818
NV643,NV670,I,I,PK269,PK468,2,100.0,53.0,0.53,1.06
NV6145,NV860,I,I,PK343,PK365,3,150.0,53.0,0.35333333333333333,1.06
NV657,NV3702,I,I,PK316,PK330,3,150.0,53.0,0.35333333333333333,1.06
NV831,NV860,I,I,PK353,PK365,2,100.0,53.0,0.53,1.06
NV309,NV6514,I,D,PK454,PK195,3,230.0,81.0,0.3521739130434783,1.056521739130435
NV615,NV6325,I,D,PK354,PK380,2,155.0,81.0,0.5225806451612903,1.0451612903225806
NV891,NV6724,I,D,PK458,PK147,2,155.0,81.0,0.5225806451612903,1.0451612903225806
NV859,NV6478,I,D,PK366,PK396,2,155.0,81.0,0.5225806451612903,1.0451612903225806
NV6145,NV6588,I,D,PK343,PK331,2,155.0,81.0,0.5225806451612903,1.0451612903225806
NV6119,NV3131,I,D,PK340,PK351,2,155.0,81.0,0.5225806451612903,1.0451612903225806
NV6737,NV664,D,I,PK414,PK363,2,140.0,73.0,0.5214285714285715,1.042857142857143
NV3270,NV320,D,I,PK170,PK131,2,140.0,73.0,0.5214285714285715,1.042857142857143
NV6405,NV840,D,I,PK174,PK104,2,140.0,73.0,0.5214285714285715,1.042857142857143
NV6513,NV670,D,I,PK254,PK468,2,140.0,73.0,0.5214285714285715,1.042857142857143
NV6684,NV810,D,I,PK482,PK445,3,210.0,73.0,0.3476190476190476,1.0428571428571427
NV6698,NV858,D,I,PK480,PK265,3,210.0,73.0,0.3476190476190476,1.0428571428571427
NV6772,NV846,D,I,PK395,PK370,3,215.0,73.0,0.3395348837209302,1.0186046511627906
NV6772,NV664,D,I,PK153,PK107,3,215.0,73.0,0.3395348837209302,1.0186046511627906
NV6699,NV880,D,I,PK165,PK106,3,215.0,73.0,0.3395348837209302,1.0186046511627906
NV6163,NV698,I,I,PK495,PK487,2,105.0,53.0,0.5047619047619047,1.0095238095238095
NV6145,NV688,I,I,PK343,PK347,4,210.0,53.0,0.2523809523809524,1.0095238095238095
NV6709,NV6742,D,D,PK297,PK295,2,105.0,53.0,0.5047619047619047,1.0095238095238095
GN0571,NV318,D,I,PK492,PK464,2,145.0,73.0,0.503448275862069,1.006896551724138
NV6739,NV688,D,I,PK357,PK347,2,145.0,73.0,0.503448275862069,1.006896551724138
NV628,NV828,D,I,PK485,PK461,2,145.0,73.0,0.503448275862069,1.006896551724138
GN0639,NV880,D,I,PK424,PK458,2,145.0,73.0,0.503448275862069,1.006896551724138
NV6145,NV826,I,I,PK343,PK382,5,265.0,53.0,0.2,1.0
NV6731,NV6488,D,D,PK262,PK256,3,160.0,53.0,0.33125,0.9937499999999999
NV831,NV6544,I,D,PK353,PK376,2,165.0,81.0,0.4909090909090909,0.9818181818181818
NV399,NV6528,I,D,PK359,PK381,2,165.0,81.0,0.4909090909090909,0.9818181818181818
NV383,GN0348,I,D,PK290,PK307,2,165.0,81.0,0.4909090909090909,0.9818181818181818
NV6785,NV692,D,I,PK271,PK089,2,150.0,73.0,0.4866666666666667,0.9733333333333334
GN0477,NV686,D,I,PK299,PK301,2,150.0,73.0,0.4866666666666667,0.9733333333333334
NV6533,NV346,D,I,PK493,PK456,2,150.0,73.0,0.4866666666666667,0.9733333333333334
NV3992,NV346,D,I,PK474,PK456,3,225.0,73.0,0.3244444444444444,0.9733333333333333
NV883,NV6612,I,D,PK466,PK478,2,170.0,81.0,0.4764705882352941,0.9529411764705882
NV841,NV3269,I,D,PK274,PK284,2,170.0,81.0,0.4764705882352941,0.9529411764705882
NV6551,NV846,D,I,PK146,PK129,3,230.0,73.0,0.3173913043478261,0.9521739130434783
NV6642,NV880,D,I,PK401,PK458,3,230.0,73.0,0.3173913043478261,0.9521739130434783
NV6725,NV846,D,I,PK147,PK129,3,230.0,73.0,0.3173913043478261,0.9521739130434783
NV635,NV672,I,I,PK333,PK308,4,225.0,53.0,0.23555555555555555,0.9422222222222222
NV6739,NV836,D,I,PK357,PK378,2,155.0,73.0,0.47096774193548385,0.9419354838709677
NV6737,NV840,D,I,PK414,PK349,2,155.0,73.0,0.47096774193548385,0.9419354838709677
NV6737,NV608,D,I,PK169,PK108,2,155.0,73.0,0.47096774193548385,0.9419354838709677
NV6479,NV670,D,I,PK498,PK468,2,155.0,73.0,0.47096774193548385,0.9419354838709677
NV6685,NV6726,D,D,PK300,PK329,3,170.0,53.0,0.31176470588235294,0.9352941176470588
NV3266,NV686,D,I,PK284,PK301,3,235.0,73.0,0.31063829787234043,0.9319148936170213
NV6135,NV694,I,I,PK475,PK453,5,285.0,53.0,0.18596491228070175,0.9298245614035088
NV633,NV840,I,I,PK375,PK349,5,285.0,53.0,0.18596491228070175,0.9298245614035088
NV399,NV699,I,D,PK359,PK374,2,175.0,81.0,0.46285714285714286,0.9257142857142857
NV317,NV882,I,I,PK391,PK338,4,230.0,53.0,0.23043478260869565,0.9217391304347826
NV6163,NV676,I,I,PK495,PK463,5,290.0,53.0,0.18275862068965518,0.9137931034482759
NV6713,NV610,D,I,PK266,PK274,2,160.0,73.0,0.45625,0.9125
NV3786,NV658,D,I,PK348,PK352,2,160.0,73.0,0.45625,0.9125
NV689,NV3196,I,I,PK464,PK475,4,235.0,53.0,0.225531914893617,0.902127659574468
NV6199,NV6652,I,D,PK372,PK407,2,180.0,81.0,0.45,0.9
NV665,NV6734,I,D,PK468,PK171,1,90.0,81.0,0.9,0.9
NV3703,NV6540,I,D,PK278,PK145,1,90.0,81.0,0.9,0.9
NV6527,NV846,D,I,PK381,PK370,3,245.0,73.0,0.2979591836734694,0.8938775510204082
NV6551,NV840,D,I,PK388,PK349,3,245.0,73.0,0.2979591836734694,0.8938775510204082
NV3120,NV662,D,I,PK257,PK094,2,165.0,73.0,0.44242424242424244,0.8848484848484849
NV3620,NV828,D,I,PK481,PK461,2,165.0,73.0,0.44242424242424244,0.8848484848484849
NV6735,NV6318,D,D,PK286,PK294,2,120.0,53.0,0.44166666666666665,0.8833333333333333
NV851,NV336,I,I,PK461,PK165,3,180.0,53.0,0.29444444444444445,0.8833333333333333
NV621,NV320,I,I,PK386,PK373,4,240.0,53.0,0.22083333333333333,0.8833333333333333
NV323,NV6510,I,D,PK260,PK276,2,185.0,81.0,0.43783783783783786,0.8756756756756757
NV831,NV6714,I,D,PK353,PK369,2,185.0,81.0,0.43783783783783786,0.8756756756756757
NV689,NV6700,I,D,PK464,PK473,2,185.0,81.0,0.43783783783783786,0.8756756756756757
NV6577,NV698,D,I,PK477,PK487,2,170.0,73.0,0.4294117647058823,0.8588235294117647
NV382,NV642,D,I,PK313,PK337,2,170.0,73.0,0.4294117647058823,0.8588235294117647
NV6505,NV664,D,I,PK405,PK363,2,170.0,73.0,0.4294117647058823,0.8588235294117647
NV6699,NV320,D,I,PK408,PK373,2,170.0,73.0,0.4294117647058823,0.8588235294117647
NV6773,NV6118,D,I,PK488,PK460,2,170.0,73.0,0.4294117647058823,0.8588235294117647
NV827,NV6578,I,D,PK382,PK480,1,95.0,81.0,0.8526315789473684,0.8526315789473684
NV871,NV3615,I,D,PK455,PK447,1,95.0,81.0,0.8526315789473684,0.8526315789473684
NV307,NV6784,I,D,PK334,PK359,2,190.0,81.0,0.4263157894736842,0.8526315789473684
NV837,NV3194,I,D,PK499,PK499,2,190.0,81.0,0.4263157894736842,0.8526315789473684
NV813,NV3702,I,I,PK324,PK330,2,125.0,53.0,0.424,0.848
NV617,NV880,I,I,PK427,PK458,2,125.0,53.0,0.424,0.848
NV827,NV320,I,I,PK382,PK373,4,250.0,53.0,0.212,0.848
GN0629,NV882,D,I,PK406,PK338,2,175.0,73.0,0.41714285714285715,0.8342857142857143
NV6643,NV664,D,I,PK402,PK363,2,175.0,73.0,0.41714285714285715,0.8342857142857143
NV303,NV3703,I,D,PK268,PK278,2,195.0,81.0,0.4153846153846154,0.8307692307692308
NV633,NV3993,I,D,PK375,PK414,2,195.0,81.0,0.4153846153846154,0.8307692307692308
NV6684,NV694,D,I,PK482,PK453,3,265.0,73.0,0.27547169811320754,0.8264150943396227
NV6753,NV6134,D,I,PK378,PK391,3,265.0,73.0,0.27547169811320754,0.8264150943396227
NV629,NV834,I,I,PK311,PK327,3,195.0,53.0,0.2717948717948718,0.8153846153846154
NV859,NV308,I,I,PK366,PK333,1,65.0,53.0,0.8153846153846154,0.8153846153846154
NV6697,NV828,D,I,PK478,PK461,2,180.0,73.0,0.40555555555555556,0.8111111111111111
NV6575,NV686,D,I,PK293,PK301,2,180.0,73.0,0.40555555555555556,0.8111111111111111
NV628,NV858,D,I,PK485,PK265,2,180.0,73.0,0.40555555555555556,0.8111111111111111
NV6642,NV846,D,I,PK401,PK370,2,180.0,73.0,0.40555555555555556,0.8111111111111111
NV6479,NV690,D,I,PK498,PK208,3,270.0,73.0,0.27037037037037037,0.8111111111111111
NV6241,NV6156,D,I,PK412,PK371,1,90.0,73.0,0.8111111111111111,0.8111111111111111
NV6645,NV632,D,I,PK479,PK258,2,180.0,73.0,0.40555555555555556,0.8111111111111111
NV847,NV3446,I,D,PK453,PK150,1,100.0,81.0,0.81,0.81
NV6117,NV6632,I,D,PK393,PK398,1,100.0,81.0,0.81,0.81
NV689,NV3263,I,D,PK464,PK170,1,100.0,81.0,0.81,0.81
NV6153,NV3273,I,D,PK292,PK297,2,200.0,81.0,0.405,0.81
NV847,NV6748,I,D,PK453,PK179,1,100.0,81.0,0.81,0.81
NV6157,NV3196,I,I,PK467,PK475,3,200.0,53.0,0.265,0.795
NV698,NV810,D,I,PK487,PK445,2,185.0,73.0,0.3945945945945946,0.7891891891891892
NV6642,NV320,D,I,PK401,PK373,2,185.0,73.0,0.3945945945945946,0.7891891891891892
NV6505,NV840,D,I,PK405,PK349,2,185.0,73.0,0.3945945945945946,0.7891891891891892
NV6642,NV320,D,I,PK160,PK131,2,185.0,73.0,0.3945945945945946,0.7891891891891892
NV6663,NV392,D,I,PK365,PK402,2,185.0,73.0,0.3945945945945946,0.7891891891891892
NV6575,NV302,D,I,PK293,PK319,2,185.0,73.0,0.3945945945945946,0.7891891891891892
NV837,NV318,I,I,PK499,PK464,2,135.0,53.0,0.3925925925925926,0.7851851851851852
NV6551,NV880,D,I,PK146,PK106,3,280.0,73.0,0.26071428571428573,0.7821428571428573
NV6577,NV694,D,I,PK477,PK453,3,280.0,73.0,0.26071428571428573,0.7821428571428573
NV3622,NV608,D,I,PK134,PK108,3,280.0,73.0,0.26071428571428573,0.7821428571428573
NV627,NV6710,I,D,PK322,PK325,1,105.0,81.0,0.7714285714285715,0.7714285714285715
NV675,NV3446,I,D,PK452,PK150,1,105.0,81.0,0.7714285714285715,0.7714285714285715
NV6145,NV3787,I,D,PK343,PK322,1,105.0,81.0,0.7714285714285715,0.7714285714285715
NV633,GN0428,I,D,PK375,PK367,1,105.0,81.0,0.7714285714285715,0.7714285714285715
NV3119,NV6325,I,D,PK368,PK380,1,105.0,81.0,0.7714285714285715,0.7714285714285715
NV849,NV6714,I,D,PK377,PK369,1,105.0,81.0,0.7714285714285715,0.7714285714285715
NV3620,NV318,D,I,PK481,PK464,2,190.0,73.0,0.38421052631578945,0.7684210526315789
NV0747,NV608,D,I,PK184,PK108,1,95.0,73.0,0.7684210526315789,0.7684210526315789
NV6513,NV828,D,I,PK254,PK461,1,95.0,73.0,0.7684210526315789,0.7684210526315789
NV3287,NV616,D,I,PK282,PK303,2,190.0,73.0,0.38421052631578945,0.7684210526315789
NV6535,NV6198,D,I,PK273,PK286,2,190.0,73.0,0.38421052631578945,0.7684210526315789
NV6642,NV6134,D,I,PK401,PK391,2,190.0,73.0,0.38421052631578945,0.7684210526315789
NV6633,NV320,D,I,PK157,PK131,2,190.0,73.0,0.38421052631578945,0.7684210526315789
GN0639,NV846,D,I,PK183,PK129,1,95.0,73.0,0.7684210526315789,0.7684210526315789
NV835,NV690,I,I,PK275,PK208,2,140.0,53.0,0.37857142857142856,0.7571428571428571
NV891,NV6152,I,I,PK458,PK450,3,210.0,53.0,0.2523809523809524,0.7571428571428571
NV6145,NV633,I,D,PK343,PK375,2,215.0,81.0,0.3767441860465116,0.7534883720930232
NV871,NV6616,I,D,PK455,PK185,2,215.0,81.0,0.3767441860465116,0.7534883720930232
NV6145,NV6544,I,D,PK343,PK376,2,215.0,81.0,0.3767441860465116,0.7534883720930232
NV3992,NV828,D,I,PK474,PK461,2,195.0,73.0,0.37435897435897436,0.7487179487179487
NV632,NV692,D,I,PK258,PK089,2,195.0,73.0,0.37435897435897436,0.7487179487179487
NV6307,NV690,D,I,PK272,PK208,2,195.0,73.0,0.37435897435897436,0.7487179487179487
NV6633,NV882,D,I,PK398,PK338,2,195.0,73.0,0.37435897435897436,0.7487179487179487
NV6711,NV3702,D,I,PK301,PK330,2,195.0,73.0,0.37435897435897436,0.7487179487179487
NV6153,NV3465,I,D,PK292,PK309,1,110.0,81.0,0.7363636363636363,0.7363636363636363
NV689,NV6684,I,D,PK464,PK482,2,220.0,81.0,0.36818181818181817,0.7363636363636363
NV6479,NV698,D,I,PK498,PK487,1,100.0,73.0,0.73,0.73
NV6657,NV638,D,I,PK323,PK334,1,100.0,73.0,0.73,0.73
NV6551,NV826,D,I,PK388,PK382,1,100.0,73.0,0.73,0.73
NV6711,NV848,D,I,PK301,PK316,3,300.0,73.0,0.24333333333333335,0.73
NV3702,NV642,D,I,PK330,PK337,1,100.0,73.0,0.73,0.73
NV3513,NV3120,D,I,PK490,PK257,1,100.0,73.0,0.73,0.73
NV6700,NV3120,D,I,PK473,PK257,2,200.0,73.0,0.365,0.73
NV3702,NV830,D,I,PK330,PK275,1,100.0,73.0,0.73,0.73
NV643,NV674,I,I,PK269,PK280,3,220.0,53.0,0.2409090909090909,0.7227272727272727
NV317,NV664,I,I,PK391,PK363,3,220.0,53.0,0.2409090909090909,0.7227272727272727
NV6685,NV830,D,I,PK300,PK275,2,205.0,73.0,0.35609756097560974,0.7121951219512195
NV6655,NV640,D,I,PK491,PK466,2,205.0,73.0,0.35609756097560974,0.7121951219512195
NV6577,NV318,D,I,PK477,PK464,2,205.0,73.0,0.35609756097560974,0.7121951219512195
NV6711,NV642,D,I,PK301,PK337,2,205.0,73.0,0.35609756097560974,0.7121951219512195
NV6785,NV674,D,I,PK271,PK280,2,205.0,73.0,0.35609756097560974,0.7121951219512195
NV6739,NV6811,D,D,PK357,PK399,3,225.0,53.0,0.23555555555555555,0.7066666666666667
NV6117,NV882,I,I,PK393,PK338,3,225.0,53.0,0.23555555555555555,0.7066666666666667
NV633,NV3655,I,D,PK375,PK372,1,115.0,81.0,0.7043478260869566,0.7043478260869566
NV847,NV3615,I,D,PK453,PK447,1,115.0,81.0,0.7043478260869566,0.7043478260869566
NV6714,NV688,D,I,PK369,PK347,1,105.0,73.0,0.6952380952380952,0.6952380952380952
NV6657,NV304,D,I,PK323,PK332,1,105.0,73.0,0.6952380952380952,0.6952380952380952
GN0639,NV882,D,I,PK424,PK338,1,105.0,73.0,0.6952380952380952,0.6952380952380952
NV6697,NV346,D,I,PK478,PK456,2,210.0,73.0,0.3476190476190476,0.6952380952380952
NV6119,NV688,I,I,PK340,PK347,3,230.0,53.0,0.23043478260869565,0.691304347826087
NV841,NV6574,I,D,PK274,PK293,2,235.0,81.0,0.3446808510638298,0.6893617021276596
NV847,NV6616,I,D,PK453,PK185,2,235.0,81.0,0.3446808510638298,0.6893617021276596
NV851,NV6577,I,D,PK461,PK477,2,235.0,81.0,0.3446808510638298,0.6893617021276596
NV6135,NV303,I,D,PK475,PK268,2,235.0,81.0,0.3446808510638298,0.6893617021276596
NV679,NV664,I,I,PK167,PK107,2,155.0,53.0,0.3419354838709677,0.6838709677419355
NV837,NV670,I,I,PK499,PK468,2,155.0,53.0,0.3419354838709677,0.6838709677419355
NV6577,NV6144,D,I,PK477,PK261,2,215.0,73.0,0.3395348837209302,0.6790697674418604
NV6700,NV698,D,I,PK473,PK487,2,215.0,73.0,0.3395348837209302,0.6790697674418604
NV6577,NV858,D,I,PK477,PK265,2,215.0,73.0,0.3395348837209302,0.6790697674418604
NV303,NV676,I,I,PK268,PK463,3,235.0,53.0,0.225531914893617,0.676595744680851
NV6145,NV3655,I,D,PK343,PK372,2,240.0,81.0,0.3375,0.675
NV6117,NV6652,I,D,PK393,PK407,1,120.0,81.0,0.675,0.675
NV6155,NV6574,I,D,PK285,PK293,1,120.0,81.0,0.675,0.675
NV883,NV6616,I,D,PK466,PK185,1,120.0,81.0,0.675,0.675
NV891,NV6738,I,D,PK458,PK117,1,120.0,81.0,0.675,0.675
NV6313,NV632,D,I,PK501,PK258,1,110.0,73.0,0.6636363636363637,0.6636363636363637
NV6479,NV828,D,I,PK498,PK461,1,110.0,73.0,0.6636363636363637,0.6636363636363637
NV632,NV318,D,I,PK258,PK464,1,110.0,73.0,0.6636363636363637,0.6636363636363637
NV6727,NV6116,D,I,PK291,PK292,1,110.0,73.0,0.6636363636363637,0.6636363636363637
NV6713,NV810,D,I,PK266,PK445,1,110.0,73.0,0.6636363636363637,0.6636363636363637
NV382,NV686,D,I,PK313,PK301,1,110.0,73.0,0.6636363636363637,0.6636363636363637
NV6163,NV810,I,I,PK495,PK445,2,160.0,53.0,0.33125,0.6625
NV6489,NV6811,D,D,PK352,PK399,3,240.0,53.0,0.22083333333333333,0.6625
NV847,NV6514,I,D,PK453,PK195,2,245.0,81.0,0.3306122448979592,0.6612244897959184
NV6643,NV880,D,I,PK402,PK458,2,225.0,73.0,0.3244444444444444,0.6488888888888888
NV827,NV6772,I,D,PK382,PK395,1,125.0,81.0,0.648,0.648
NV6199,NV6578,I,D,PK372,PK480,1,125.0,81.0,0.648,0.648
NV6119,NV3787,I,D,PK340,PK322,1,125.0,81.0,0.648,0.648
NV619,NV831,I,D,PK344,PK353,1,125.0,81.0,0.648,0.648
NV6155,NV6318,I,D,PK285,PK294,1,125.0,81.0,0.648,0.648
NV6171,NV6556,I,D,PK295,PK282,1,125.0,81.0,0.648,0.648
NV6163,NV898,I,I,PK495,PK159,2,165.0,53.0,0.3212121212121212,0.6424242424242425
NV689,NV634,I,I,PK464,PK454,2,165.0,53.0,0.3212121212121212,0.6424242424242425
NV827,NV320,I,I,PK140,PK131,3,250.0,53.0,0.212,0.636
NV698,NV398,D,I,PK487,PK271,2,230.0,73.0,0.3173913043478261,0.6347826086956522
NV6551,NV846,D,I,PK388,PK370,2,230.0,73.0,0.3173913043478261,0.6347826086956522
NV3260,NV642,D,I,PK326,PK337,1,115.0,73.0,0.6347826086956522,0.6347826086956522
NV6725,NV846,D,I,PK389,PK370,2,230.0,73.0,0.3173913043478261,0.6347826086956522
NV6772,NV608,D,I,PK153,PK108,2,230.0,73.0,0.3173913043478261,0.6347826086956522
NV6578,NV840,D,I,PK394,PK349,2,230.0,73.0,0.3173913043478261,0.6347826086956522
NV679,NV608,I,I,PK167,PK108,2,170.0,53.0,0.31176470588235294,0.6235294117647059
NV6145,NV672,I,I,PK343,PK308,2,170.0,53.0,0.31176470588235294,0.6235294117647059
NV831,NV836,I,I,PK353,PK378,2,170.0,53.0,0.31176470588235294,0.6235294117647059
NV6739,NV6486,D,D,PK357,PK362,1,85.0,53.0,0.6235294117647059,0.6235294117647059
NV621,NV6811,I,D,PK386,PK399,1,130.0,81.0,0.6230769230769231,0.6230769230769231
NV827,NV6632,I,D,PK382,PK398,1,130.0,81.0,0.6230769230769231,0.6230769230769231
NV3278,NV608,D,I,PK150,PK108,2,235.0,73.0,0.31063829787234043,0.6212765957446809
NV6551,NV320,D,I,PK388,PK373,2,235.0,73.0,0.31063829787234043,0.6212765957446809
NV6443,NV346,D,I,PK256,PK456,1,120.0,73.0,0.6083333333333333,0.6083333333333333
NV6709,NV834,D,I,PK297,PK327,2,240.0,73.0,0.30416666666666664,0.6083333333333333
NV6549,NV840,D,I,PK390,PK349,2,240.0,73.0,0.30416666666666664,0.6083333333333333
NV6513,NV318,D,I,PK254,PK464,1,120.0,73.0,0.6083333333333333,0.6083333333333333
NV628,NV3120,D,I,PK485,PK257,1,120.0,73.0,0.6083333333333333,0.6083333333333333
NV3513,NV820,D,I,PK490,PK263,1,120.0,73.0,0.6083333333333333,0.6083333333333333
NV6575,NV642,D,I,PK293,PK337,2,240.0,73.0,0.30416666666666664,0.6083333333333333
NV6533,NV828,D,I,PK493,PK461,1,120.0,73.0,0.6083333333333333,0.6083333333333333
NV665,GN0630,I,D,PK468,PK448,1,135.0,81.0,0.6,0.6
NV847,NV6700,I,D,PK453,PK473,2,270.0,81.0,0.3,0.6
NV6171,NV6736,I,D,PK295,PK317,1,135.0,81.0,0.6,0.6
NV3260,NV672,D,I,PK326,PK308,2,245.0,73.0,0.2979591836734694,0.5959183673469388
NV6725,NV608,D,I,PK147,PK108,2,245.0,73.0,0.2979591836734694,0.5959183673469388
NV6737,NV322,D,I,PK414,PK386,2,245.0,73.0,0.2979591836734694,0.5959183673469388
NV651,NV846,I,I,PK159,PK129,2,180.0,53.0,0.29444444444444445,0.5888888888888889
NV343,NV336,I,I,PK460,PK165,2,180.0,53.0,0.29444444444444445,0.5888888888888889
NV6719,NV6116,D,I,PK288,PK292,1,125.0,73.0,0.584,0.584
NV6443,NV858,D,I,PK256,PK265,1,125.0,73.0,0.584,0.584
NV6405,NV846,D,I,PK174,PK129,1,125.0,73.0,0.584,0.584
NV6731,NV898,D,I,PK262,PK159,1,125.0,73.0,0.584,0.584
NV827,NV6811,I,D,PK382,PK399,1,140.0,81.0,0.5785714285714286,0.5785714285714286
NV891,NV3263,I,D,PK458,PK170,1,140.0,81.0,0.5785714285714286,0.5785714285714286
NV6117,NV3993,I,D,PK393,PK414,1,140.0,81.0,0.5785714285714286,0.5785714285714286
NV3119,NV6578,I,D,PK368,PK480,1,140.0,81.0,0.5785714285714286,0.5785714285714286
NV6119,NV3631,I,D,PK340,PK348,1,140.0,81.0,0.5785714285714286,0.5785714285714286
NV6773,NV305,D,D,PK488,PK254,2,185.0,53.0,0.2864864864864865,0.572972972972973
NV689,NV630,I,I,PK464,PK474,2,185.0,53.0,0.2864864864864865,0.572972972972973
NV6698,NV640,D,I,PK480,PK466,2,255.0,73.0,0.28627450980392155,0.5725490196078431
NV3120,NV810,D,I,PK257,PK445,1,130.0,73.0,0.5615384615384615,0.5615384615384615
NV6711,NV382,D,I,PK301,PK313,1,130.0,73.0,0.5615384615384615,0.5615384615384615
NV3120,NV670,D,I,PK257,PK468,1,130.0,73.0,0.5615384615384615,0.5615384615384615
NV3270,NV882,D,I,PK420,PK338,1,130.0,73.0,0.5615384615384615,0.5615384615384615
NV6294,NV346,D,I,PK253,PK456,1,130.0,73.0,0.5615384615384615,0.5615384615384615
NV3622,NV688,D,I,PK362,PK347,1,130.0,73.0,0.5615384615384615,0.5615384615384615
NV6535,NV692,D,I,PK273,PK089,1,130.0,73.0,0.5615384615384615,0.5615384615384615
NV6405,NV320,D,I,PK174,PK131,1,130.0,73.0,0.5615384615384615,0.5615384615384615
NV837,NV6316,I,D,PK499,PK270,1,145.0,81.0,0.5586206896551724,0.5586206896551724
NV6119,NV831,I,D,PK340,PK353,1,145.0,81.0,0.5586206896551724,0.5586206896551724
NV6171,NV629,I,D,PK295,PK311,1,145.0,81.0,0.5586206896551724,0.5586206896551724
NV655,NV3263,I,D,PK457,PK170,1,145.0,81.0,0.5586206896551724,0.5586206896551724
NV393,NV6160,I,I,PK472,PK190,2,190.0,53.0,0.2789473684210526,0.5578947368421052
NV6578,NV6772,D,D,PK394,PK395,1,95.0,53.0,0.5578947368421052,0.5578947368421052
NV6772,NV880,D,I,PK395,PK458,2,265.0,73.0,0.27547169811320754,0.5509433962264151
NV6753,NV882,D,I,PK378,PK338,2,265.0,73.0,0.27547169811320754,0.5509433962264151
NV674,NV682,D,I,PK280,PK471,2,265.0,73.0,0.27547169811320754,0.5509433962264151
NV6377,NV831,D,D,PK327,PK353,2,195.0,53.0,0.2717948717948718,0.5435897435897435
NV651,NV840,I,I,PK159,PK104,2,195.0,53.0,0.2717948717948718,0.5435897435897435
NV6301,NV6720,D,D,PK346,PK346,2,195.0,53.0,0.2717948717948718,0.5435897435897435
NV632,NV898,D,I,PK258,PK159,1,135.0,73.0,0.5407407407407407,0.5407407407407407
NV698,NV820,D,I,PK487,PK263,1,135.0,73.0,0.5407407407407407,0.5407407407407407
NV6773,NV828,D,I,PK488,PK461,1,135.0,73.0,0.5407407407407407,0.5407407407407407
NV628,NV698,D,I,PK485,PK487,1,135.0,73.0,0.5407407407407407,0.5407407407407407
NV6700,NV670,D,I,PK473,PK468,2,270.0,73.0,0.27037037037037037,0.5407407407407407
NV309,NV6738,I,D,PK454,PK117,1,150.0,81.0,0.54,0.54
NV841,NV6540,I,D,PK274,PK145,1,150.0,81.0,0.54,0.54
NV6153,NV6556,I,D,PK292,PK282,1,150.0,81.0,0.54,0.54
NV6453,NV308,D,I,PK315,PK333,2,275.0,73.0,0.26545454545454544,0.5309090909090909
NV813,NV638,I,I,PK324,PK334,1,100.0,53.0,0.53,0.53
NV6163,NV618,I,I,PK495,PK262,1,100.0,53.0,0.53,0.53
NV337,NV688,I,I,PK371,PK347,1,100.0,53.0,0.53,0.53
NV309,NV6708,I,D,PK454,PK443,1,155.0,81.0,0.5225806451612903,0.5225806451612903
NV851,NV6734,I,D,PK461,PK171,1,155.0,81.0,0.5225806451612903,0.5225806451612903
NV859,NV3655,I,D,PK366,PK372,1,155.0,81.0,0.5225806451612903,0.5225806451612903
NV6199,NV6772,I,D,PK372,PK395,1,155.0,81.0,0.5225806451612903,0.5225806451612903
NV382,NV860,D,I,PK313,PK365,2,280.0,73.0,0.26071428571428573,0.5214285714285715
NV3620,NV3120,D,I,PK481,PK257,1,140.0,73.0,0.5214285714285715,0.5214285714285715
NV6737,NV664,D,I,PK169,PK107,1,140.0,73.0,0.5214285714285715,0.5214285714285715
NV3195,NV322,D,I,PK437,PK386,1,140.0,73.0,0.5214285714285715,0.5214285714285715
NV6763,NV392,D,I,PK376,PK402,1,140.0,73.0,0.5214285714285715,0.5214285714285715
NV628,NV820,D,I,PK485,PK263,1,140.0,73.0,0.5214285714285715,0.5214285714285715
NV6725,NV880,D,I,PK147,PK106,2,280.0,73.0,0.26071428571428573,0.5214285714285715
NV6785,NV694,D,I,PK271,PK453,1,140.0,73.0,0.5214285714285715,0.5214285714285715
NV6313,NV6144,D,I,PK501,PK261,1,140.0,73.0,0.5214285714285715,0.5214285714285715
NV6735,NV6116,D,I,PK286,PK292,1,140.0,73.0,0.5214285714285715,0.5214285714285715
NV6737,NV846,D,I,PK414,PK370,1,140.0,73.0,0.5214285714285715,0.5214285714285715
NV6643,NV654,D,I,PK402,PK377,1,140.0,73.0,0.5214285714285715,0.5214285714285715
NV679,NV880,I,I,PK411,PK458,2,205.0,53.0,0.25853658536585367,0.5170731707317073
NV849,NV6642,I,D,PK377,PK401,1,160.0,81.0,0.50625,0.50625
NV655,NV6724,I,D,PK457,PK147,1,160.0,81.0,0.50625,0.50625
NV6171,NV6462,I,D,PK295,PK323,1,160.0,81.0,0.50625,0.50625
NV831,NV6325,I,D,PK353,PK380,1,160.0,81.0,0.50625,0.50625
NV891,NV6548,I,D,PK458,PK187,1,160.0,81.0,0.50625,0.50625
NV619,NV688,I,I,PK344,PK347,2,210.0,53.0,0.2523809523809524,0.5047619047619047
NV837,NV820,I,I,PK499,PK263,1,105.0,53.0,0.5047619047619047,0.5047619047619047
NV303,NV810,I,I,PK268,PK445,1,105.0,53.0,0.5047619047619047,0.5047619047619047
NV6714,NV6325,D,D,PK369,PK380,1,105.0,53.0,0.5047619047619047,0.5047619047619047
NV6135,NV318,I,I,PK475,PK464,2,210.0,53.0,0.2523809523809524,0.5047619047619047
NV6737,NV320,D,I,PK414,PK373,1,145.0,73.0,0.503448275862069,0.503448275862069
NV3513,NV674,D,I,PK490,PK280,2,290.0,73.0,0.2517241379310345,0.503448275862069
NV6513,NV898,D,I,PK254,PK159,1,145.0,73.0,0.503448275862069,0.503448275862069
NV3270,NV6134,D,I,PK170,PK149,1,145.0,73.0,0.503448275862069,0.503448275862069
NV6294,NV670,D,I,PK253,PK468,1,145.0,73.0,0.503448275862069,0.503448275862069
NV6479,NV858,D,I,PK498,PK265,1,145.0,73.0,0.503448275862069,0.503448275862069
NV6527,NV880,D,I,PK381,PK458,2,295.0,73.0,0.24745762711864408,0.49491525423728816
GN0641,NV664,D,I,PK367,PK363,2,295.0,73.0,0.24745762711864408,0.49491525423728816
GN0641,NV664,D,I,PK126,PK107,2,295.0,73.0,0.24745762711864408,0.49491525423728816
NV343,NV630,I,I,PK460,PK474,2,215.0,53.0,0.24651162790697675,0.4930232558139535
NV305,NV676,I,I,PK270,PK463,2,215.0,53.0,0.24651162790697675,0.4930232558139535
NV6153,NV0746,I,D,PK292,PK315,1,165.0,81.0,0.4909090909090909,0.4909090909090909
NV633,NV6642,I,D,PK375,PK401,1,165.0,81.0,0.4909090909090909,0.4909090909090909
NV871,NV3263,I,D,PK455,PK170,1,165.0,81.0,0.4909090909090909,0.4909090909090909
NV6655,NV318,D,I,PK491,PK464,1,150.0,73.0,0.4866666666666667,0.4866666666666667
NV6698,NV3120,D,I,PK480,PK257,1,150.0,73.0,0.4866666666666667,0.4866666666666667
NV6711,NV302,D,I,PK301,PK319,1,150.0,73.0,0.4866666666666667,0.4866666666666667
NV6633,NV654,D,I,PK398,PK377,1,150.0,73.0,0.4866666666666667,0.4866666666666667
NV6737,NV6134,D,I,PK169,PK149,1,150.0,73.0,0.4866666666666667,0.4866666666666667
NV6525,NV688,D,I,PK356,PK347,1,150.0,73.0,0.4866666666666667,0.4866666666666667
NV628,NV632,D,I,PK485,PK258,1,150.0,73.0,0.4866666666666667,0.4866666666666667
NV3270,NV608,D,I,PK170,PK108,1,150.0,73.0,0.4866666666666667,0.4866666666666667
NV6719,NV656,D,I,PK288,PK304,1,150.0,73.0,0.4866666666666667,0.4866666666666667
GN0645,NV880,D,I,PK422,PK458,1,150.0,73.0,0.4866666666666667,0.4866666666666667
NV6117,NV320,I,I,PK151,PK131,2,220.0,53.0,0.2409090909090909,0.4818181818181818
NV6633,NV3652,D,D,PK398,PK415,1,110.0,53.0,0.4818181818181818,0.4818181818181818
NV657,NV682,I,I,PK316,PK471,1,110.0,53.0,0.4818181818181818,0.4818181818181818
NV347,NV6152,I,I,PK456,PK450,2,220.0,53.0,0.2409090909090909,0.4818181818181818
NV6117,NV320,I,I,PK393,PK373,2,220.0,53.0,0.2409090909090909,0.4818181818181818
NV673,NV6642,I,D,PK373,PK401,1,170.0,81.0,0.4764705882352941,0.4764705882352941
NV629,NV3277,I,D,PK311,PK326,1,170.0,81.0,0.4764705882352941,0.4764705882352941
NV629,NV6308,I,D,PK311,PK272,1,170.0,81.0,0.4764705882352941,0.4764705882352941
NV847,NV6708,I,D,PK453,PK443,1,170.0,81.0,0.4764705882352941,0.4764705882352941
NV689,NV316,I,I,PK464,PK112,2,225.0,53.0,0.23555555555555555,0.4711111111111111
NV317,NV320,I,I,PK391,PK373,2,225.0,53.0,0.23555555555555555,0.4711111111111111
NV6657,NV834,D,I,PK323,PK327,1,155.0,73.0,0.47096774193548385,0.47096774193548385
NV6684,NV698,D,I,PK482,PK487,1,155.0,73.0,0.47096774193548385,0.47096774193548385
NV6713,NV398,D,I,PK266,PK271,1,155.0,73.0,0.47096774193548385,0.47096774193548385
NV6241,NV882,D,I,PK412,PK338,1,155.0,73.0,0.47096774193548385,0.47096774193548385
NV6733,NV664,D,I,PK410,PK363,1,155.0,73.0,0.47096774193548385,0.47096774193548385
NV6453,NV3702,D,I,PK315,PK330,1,155.0,73.0,0.47096774193548385,0.47096774193548385
NV635,NV3631,I,D,PK333,PK348,1,175.0,81.0,0.46285714285714286,0.46285714285714286
NV305,NV6540,I,D,PK270,PK145,1,175.0,81.0,0.46285714285714286,0.46285714285714286
NV6117,NV840,I,I,PK393,PK349,2,230.0,53.0,0.23043478260869565,0.4608695652173913
NV665,NV336,I,I,PK468,PK165,1,115.0,53.0,0.4608695652173913,0.4608695652173913
NV6117,NV608,I,I,PK151,PK108,2,230.0,53.0,0.23043478260869565,0.4608695652173913
NV689,NV6160,I,I,PK464,PK190,2,230.0,53.0,0.23043478260869565,0.4608695652173913
NV6685,NV6736,D,D,PK300,PK317,1,115.0,53.0,0.4608695652173913,0.4608695652173913
NV635,NV834,I,I,PK333,PK327,1,115.0,53.0,0.4608695652173913,0.4608695652173913
NV858,NV398,D,I,PK265,PK271,1,160.0,73.0,0.45625,0.45625
NV6773,NV318,D,I,PK488,PK464,1,160.0,73.0,0.45625,0.45625
NV6645,NV618,D,I,PK479,PK262,1,160.0,73.0,0.45625,0.45625
NV6241,NV608,D,I,PK168,PK108,1,160.0,73.0,0.45625,0.45625
NV3620,NV820,D,I,PK481,PK263,1,160.0,73.0,0.45625,0.45625
NV621,NV664,I,I,PK144,PK107,2,235.0,53.0,0.225531914893617,0.451063829787234
NV621,NV664,I,I,PK386,PK363,2,235.0,53.0,0.225531914893617,0.451063829787234
NV847,NV336,I,I,PK453,PK165,2,235.0,53.0,0.225531914893617,0.451063829787234
NV317,NV608,I,I,PK149,PK108,2,235.0,53.0,0.225531914893617,0.451063829787234
NV635,NV3410,I,D,PK333,PK355,1,180.0,81.0,0.45,0.45
NV3131,NV6297,I,D,PK351,PK368,1,180.0,81.0,0.45,0.45
NV383,NV629,I,D,PK290,PK311,1,180.0,81.0,0.45,0.45
NV851,NV6616,I,D,PK461,PK185,1,180.0,81.0,0.45,0.45
NV337,NV6642,I,D,PK371,PK401,1,180.0,81.0,0.45,0.45
NV6711,NV6162,D,I,PK301,PK324,1,165.0,73.0,0.44242424242424244,0.44242424242424244
GN0629,NV846,D,I,PK406,PK370,1,165.0,73.0,0.44242424242424244,0.44242424242424244
NV6453,NV830,D,I,PK315,PK275,1,165.0,73.0,0.44242424242424244,0.44242424242424244
NV6653,NV664,D,I,PK407,PK363,1,165.0,73.0,0.44242424242424244,0.44242424242424244
NV6453,NV642,D,I,PK315,PK337,1,165.0,73.0,0.44242424242424244,0.44242424242424244
GN0629,NV846,D,I,PK164,PK129,1,165.0,73.0,0.44242424242424244,0.44242424242424244
NV3120,NV640,D,I,PK257,PK466,1,165.0,73.0,0.44242424242424244,0.44242424242424244
NV675,NV336,I,I,PK452,PK165,2,240.0,53.0,0.22083333333333333,0.44166666666666665
NV6317,NV6632,D,D,PK387,PK398,1,120.0,53.0,0.44166666666666665,0.44166666666666665
NV343,NV6230,I,D,PK460,PK155,1,185.0,81.0,0.43783783783783786,0.43783783783783786
NV827,NV664,I,I,PK140,PK107,2,245.0,53.0,0.2163265306122449,0.4326530612244898
NV627,NV860,I,I,PK322,PK365,2,245.0,53.0,0.2163265306122449,0.4326530612244898
NV3513,NV670,D,I,PK490,PK468,1,170.0,73.0,0.4294117647058823,0.4294117647058823
NV3553,NV880,D,I,PK176,PK106,1,170.0,73.0,0.4294117647058823,0.4294117647058823
NV6653,NV320,D,I,PK407,PK373,1,170.0,73.0,0.4294117647058823,0.4294117647058823
NV6731,NV610,D,I,PK262,PK274,1,170.0,73.0,0.4294117647058823,0.4294117647058823
NV858,NV694,D,I,PK265,PK453,1,170.0,73.0,0.4294117647058823,0.4294117647058823
NV6699,NV320,D,I,PK165,PK131,1,170.0,73.0,0.4294117647058823,0.4294117647058823
NV6773,NV614,D,I,PK488,PK260,1,170.0,73.0,0.4294117647058823,0.4294117647058823
NV615,NV6578,I,D,PK354,PK480,1,190.0,81.0,0.4263157894736842,0.4263157894736842
NV849,NV3652,I,D,PK377,PK415,1,190.0,81.0,0.4263157894736842,0.4263157894736842
NV3131,NV6714,I,D,PK351,PK369,1,190.0,81.0,0.4263157894736842,0.4263157894736842
NV643,NV3703,I,D,PK269,PK278,1,190.0,81.0,0.4263157894736842,0.4263157894736842
NV851,NV6514,I,D,PK461,PK195,1,190.0,81.0,0.4263157894736842,0.4263157894736842
NV393,NV634,I,I,PK472,PK454,1,125.0,53.0,0.424,0.424
NV323,NV810,I,I,PK260,PK445,1,125.0,53.0,0.424,0.424
GN0409,NV320,D,I,PK403,PK373,1,175.0,73.0,0.41714285714285715,0.41714285714285715
NV831,NV6578,I,D,PK353,PK480,1,195.0,81.0,0.4153846153846154,0.4153846153846154
NV309,NV6734,I,D,PK454,PK171,1,195.0,81.0,0.4153846153846154,0.4153846153846154
NV635,NV6784,I,D,PK333,PK359,1,195.0,81.0,0.4153846153846154,0.4153846153846154
NV659,NV828,I,I,PK471,PK461,2,260.0,53.0,0.20384615384615384,0.4076923076923077
NV6313,NV6732,D,D,PK501,PK269,1,130.0,53.0,0.4076923076923077,0.4076923076923077
NV659,NV630,I,I,PK471,PK474,1,130.0,53.0,0.4076923076923077,0.4076923076923077
NV6699,NV840,D,I,PK165,PK104,1,180.0,73.0,0.40555555555555556,0.40555555555555556
NV3654,NV682,D,I,PK294,PK471,1,180.0,73.0,0.40555555555555556,0.40555555555555556
NV6773,NV670,D,I,PK488,PK468,1,180.0,73.0,0.40555555555555556,0.40555555555555556
NV6535,NV690,D,I,PK273,PK208,1,180.0,73.0,0.40555555555555556,0.40555555555555556
NV6642,NV664,D,I,PK160,PK107,1,180.0,73.0,0.40555555555555556,0.40555555555555556
NV665,NV6644,I,D,PK468,PK479,1,200.0,81.0,0.405,0.405
NV891,NV6446,I,D,PK458,PK184,1,200.0,81.0,0.405,0.405
NV3131,NV6578,I,D,PK351,PK480,1,200.0,81.0,0.405,0.405
NV655,NV6230,I,D,PK457,PK155,1,200.0,81.0,0.405,0.405
NV673,NV3993,I,D,PK373,PK414,1,200.0,81.0,0.405,0.405
NV641,NV860,I,I,PK317,PK365,2,265.0,53.0,0.2,0.4
NV619,NV6720,I,D,PK344,PK346,1,205.0,81.0,0.3951219512195122,0.3951219512195122
NV3131,NV699,I,D,PK351,PK374,1,205.0,81.0,0.3951219512195122,0.3951219512195122
NV343,NV6504,I,D,PK460,PK193,1,205.0,81.0,0.3951219512195122,0.3951219512195122
NV689,NV6577,I,D,PK464,PK477,1,205.0,81.0,0.3951219512195122,0.3951219512195122
NV6731,NV692,D,I,PK262,PK089,1,185.0,73.0,0.3945945945945946,0.3945945945945946
GN0409,NV840,D,I,PK403,PK349,1,185.0,73.0,0.3945945945945946,0.3945945945945946
NV6633,NV846,D,I,PK157,PK129,1,185.0,73.0,0.3945945945945946,0.3945945945945946
NV3120,NV694,D,I,PK257,PK453,1,185.0,73.0,0.3945945945945946,0.3945945945945946
NV0747,NV322,D,I,PK426,PK386,1,185.0,73.0,0.3945945945945946,0.3945945945945946
NV6633,NV846,D,I,PK398,PK370,1,185.0,73.0,0.3945945945945946,0.3945945945945946
NV6153,NV616,I,I,PK292,PK303,1,135.0,53.0,0.3925925925925926,0.3925925925925926
NV655,NV380,I,I,PK457,PK449,1,135.0,53.0,0.3925925925925926,0.3925925925925926
NV629,NV848,I,I,PK311,PK316,2,270.0,53.0,0.1962962962962963,0.3925925925925926
NV635,NV6588,I,D,PK333,PK331,1,210.0,81.0,0.38571428571428573,0.38571428571428573
NV835,NV383,I,D,PK275,PK290,1,210.0,81.0,0.38571428571428573,0.38571428571428573
NV6145,NV6325,I,D,PK343,PK380,1,210.0,81.0,0.38571428571428573,0.38571428571428573
NV847,GN0678,I,D,PK453,PK442,1,210.0,81.0,0.38571428571428573,0.38571428571428573
NV847,NV6762,I,D,PK453,PK467,1,210.0,81.0,0.38571428571428573,0.38571428571428573
NV3992,NV820,D,I,PK474,PK263,1,190.0,73.0,0.38421052631578945,0.38421052631578945
NV6737,NV880,D,I,PK169,PK106,1,190.0,73.0,0.38421052631578945,0.38421052631578945
NV304,NV848,D,I,PK332,PK316,1,190.0,73.0,0.38421052631578945,0.38421052631578945
NV6633,NV320,D,I,PK398,PK373,1,190.0,73.0,0.38421052631578945,0.38421052631578945
NV628,NV670,D,I,PK485,PK468,1,190.0,73.0,0.38421052631578945,0.38421052631578945
NV6479,NV640,D,I,PK498,PK466,1,190.0,73.0,0.38421052631578945,0.38421052631578945
NV6479,NV662,D,I,PK498,PK094,1,190.0,73.0,0.38421052631578945,0.38421052631578945
NV837,NV346,I,I,PK499,PK456,1,140.0,53.0,0.37857142857142856,0.37857142857142856
NV6527,NV6811,D,D,PK381,PK399,1,140.0,53.0,0.37857142857142856,0.37857142857142856
NV851,NV6576,I,D,PK461,PK472,1,215.0,81.0,0.3767441860465116,0.3767441860465116
NV687,NV6540,I,D,PK261,PK145,1,215.0,81.0,0.3767441860465116,0.3767441860465116
NV6551,NV654,D,I,PK388,PK377,1,195.0,73.0,0.37435897435897436,0.37435897435897436
NV6725,NV654,D,I,PK389,PK377,1,195.0,73.0,0.37435897435897436,0.37435897435897436
NV6513,NV694,D,I,PK254,PK453,1,195.0,73.0,0.37435897435897436,0.37435897435897436
NV6685,NV3702,D,I,PK300,PK330,1,195.0,73.0,0.37435897435897436,0.37435897435897436
NV674,NV656,D,I,PK280,PK304,1,195.0,73.0,0.37435897435897436,0.37435897435897436
NV3654,NV638,D,I,PK294,PK334,1,195.0,73.0,0.37435897435897436,0.37435897435897436
NV6642,NV840,D,I,PK160,PK104,1,195.0,73.0,0.37435897435897436,0.37435897435897436
NV633,NV840,I,I,PK133,PK104,2,285.0,53.0,0.18596491228070175,0.3719298245614035
NV873,NV6308,I,D,PK296,PK272,1,220.0,81.0,0.36818181818181817,0.36818181818181817
NV871,NV6230,I,D,PK455,PK155,1,220.0,81.0,0.36818181818181817,0.36818181818181817
NV383,NV616,I,I,PK290,PK303,1,145.0,53.0,0.36551724137931035,0.36551724137931035
NV347,NV6154,I,I,PK456,PK156,1,145.0,53.0,0.36551724137931035,0.36551724137931035
NV6163,NV346,I,I,PK495,PK456,1,145.0,53.0,0.36551724137931035,0.36551724137931035
NV6645,NV318,D,I,PK479,PK464,1,200.0,73.0,0.365,0.365
NV6294,NV694,D,I,PK253,PK453,1,200.0,73.0,0.365,0.365
NV674,NV616,D,I,PK280,PK303,1,200.0,73.0,0.365,0.365
NV3620,NV6118,D,I,PK481,PK460,1,200.0,73.0,0.365,0.365
NV6375,NV664,D,I,PK155,PK107,1,200.0,73.0,0.365,0.365
NV3654,NV304,D,I,PK294,PK332,1,200.0,73.0,0.365,0.365
NV6739,NV826,D,I,PK357,PK382,1,200.0,73.0,0.365,0.365
NV6684,NV614,D,I,PK482,PK260,1,200.0,73.0,0.365,0.365
NV6785,NV690,D,I,PK271,PK208,1,200.0,73.0,0.365,0.365
NV891,NV6700,I,D,PK458,PK473,1,225.0,81.0,0.36,0.36
NV309,NV316,I,I,PK454,PK112,2,295.0,53.0,0.17966101694915254,0.3593220338983051
NV6655,NV662,D,I,PK491,PK094,1,205.0,73.0,0.35609756097560974,0.35609756097560974
NV6733,NV880,D,I,PK410,PK458,1,205.0,73.0,0.35609756097560974,0.35609756097560974
NV6307,NV6198,D,I,PK272,PK286,1,205.0,73.0,0.35609756097560974,0.35609756097560974
NV6663,NV6472,D,D,PK365,PK356,1,150.0,53.0,0.35333333333333333,0.35333333333333333
NV613,NV682,I,I,PK303,PK471,1,150.0,53.0,0.35333333333333333,0.35333333333333333
NV835,NV6198,I,I,PK275,PK286,1,150.0,53.0,0.35333333333333333,0.35333333333333333
NV343,NV6612,I,D,PK460,PK478,1,230.0,81.0,0.3521739130434783,0.3521739130434783
NV6119,NV6325,I,D,PK340,PK380,1,230.0,81.0,0.3521739130434783,0.3521739130434783
NV6119,NV859,I,D,PK340,PK366,1,230.0,81.0,0.3521739130434783,0.3521739130434783
NV6324,NV654,D,I,PK380,PK377,1,210.0,73.0,0.3476190476190476,0.3476190476190476
NV6645,NV614,D,I,PK479,PK260,1,210.0,73.0,0.3476190476190476,0.3476190476190476
NV6719,NV686,D,I,PK288,PK301,1,210.0,73.0,0.3476190476190476,0.3476190476190476
NV6684,NV670,D,I,PK482,PK468,1,210.0,73.0,0.3476190476190476,0.3476190476190476
NV689,NV6644,I,D,PK464,PK479,1,235.0,81.0,0.3446808510638298,0.3446808510638298
NV643,NV694,I,I,PK269,PK453,1,155.0,53.0,0.3419354838709677,0.3419354838709677
NV837,NV810,I,I,PK499,PK445,1,155.0,53.0,0.3419354838709677,0.3419354838709677
NV679,NV664,I,I,PK411,PK363,1,155.0,53.0,0.3419354838709677,0.3419354838709677
NV6785,NV676,D,I,PK271,PK463,1,215.0,73.0,0.3395348837209302,0.3395348837209302
NV6699,NV880,D,I,PK408,PK458,1,215.0,73.0,0.3395348837209302,0.3395348837209302
NV6375,NV840,D,I,PK155,PK104,1,215.0,73.0,0.3395348837209302,0.3395348837209302
NV6697,NV858,D,I,PK478,PK265,1,215.0,73.0,0.3395348837209302,0.3395348837209302
NV831,NV6642,I,D,PK353,PK401,1,240.0,81.0,0.3375,0.3375
NV6155,NV3273,I,D,PK285,PK297,1,240.0,81.0,0.3375,0.3375
NV851,NV3280,I,D,PK461,PK174,1,240.0,81.0,0.3375,0.3375
NV3654,NV3702,D,I,PK294,PK330,1,220.0,73.0,0.33181818181818185,0.33181818181818185
NV6698,NV810,D,I,PK480,PK445,1,220.0,73.0,0.33181818181818185,0.33181818181818185
NV837,NV898,I,I,PK499,PK159,1,160.0,53.0,0.33125,0.33125
NV831,NV688,I,I,PK353,PK347,1,160.0,53.0,0.33125,0.33125
NV6163,NV670,I,I,PK495,PK468,1,160.0,53.0,0.33125,0.33125
NV6713,NV690,D,I,PK266,PK208,1,225.0,73.0,0.3244444444444444,0.3244444444444444
NV6577,NV670,D,I,PK477,PK468,1,225.0,73.0,0.3244444444444444,0.3244444444444444
NV3513,NV694,D,I,PK490,PK453,1,225.0,73.0,0.3244444444444444,0.3244444444444444
NV6717,NV658,D,I,PK337,PK352,1,225.0,73.0,0.3244444444444444,0.3244444444444444
NV6697,NV810,D,I,PK478,PK445,1,225.0,73.0,0.3244444444444444,0.3244444444444444
NV677,NV6724,I,D,PK449,PK147,1,250.0,81.0,0.324,0.324
NV613,NV638,I,I,PK303,PK334,1,165.0,53.0,0.3212121212121212,0.3212121212121212
NV3654,NV642,D,I,PK294,PK337,1,230.0,73.0,0.3173913043478261,0.3173913043478261
NV6657,NV848,D,I,PK323,PK316,1,230.0,73.0,0.3173913043478261,0.3173913043478261
NV6763,NV654,D,I,PK376,PK377,1,230.0,73.0,0.3173913043478261,0.3173913043478261
NV858,NV690,D,I,PK265,PK208,1,230.0,73.0,0.3173913043478261,0.3173913043478261
NV6725,NV664,D,I,PK147,PK107,1,230.0,73.0,0.3173913043478261,0.3173913043478261
NV303,NV692,I,I,PK268,PK089,1,170.0,53.0,0.31176470588235294,0.31176470588235294
NV6719,NV6556,D,D,PK288,PK282,1,170.0,53.0,0.31176470588235294,0.31176470588235294
NV6655,NV6713,D,D,PK491,PK266,1,170.0,53.0,0.31176470588235294,0.31176470588235294
NV6811,NV880,D,I,PK399,PK458,1,235.0,73.0,0.31063829787234043,0.31063829787234043
NV6715,NV308,D,I,PK325,PK333,1,235.0,73.0,0.31063829787234043,0.31063829787234043
NV847,NV6376,I,D,PK453,PK168,1,265.0,81.0,0.30566037735849055,0.30566037735849055
NV6731,NV674,D,I,PK262,PK280,1,240.0,73.0,0.30416666666666664,0.30416666666666664
NV6713,NV676,D,I,PK266,PK463,1,240.0,73.0,0.30416666666666664,0.30416666666666664
NV6317,NV320,D,I,PK387,PK373,1,240.0,73.0,0.30416666666666664,0.30416666666666664
NV3992,NV810,D,I,PK474,PK445,1,240.0,73.0,0.30416666666666664,0.30416666666666664
NV659,NV6160,I,I,PK471,PK190,1,175.0,53.0,0.3028571428571429,0.3028571428571429
NV6551,NV840,D,I,PK146,PK104,1,245.0,73.0,0.2979591836734694,0.2979591836734694
NV6657,NV860,D,I,PK323,PK365,1,245.0,73.0,0.2979591836734694,0.2979591836734694
NV632,NV690,D,I,PK258,PK208,1,245.0,73.0,0.2979591836734694,0.2979591836734694
NV6753,NV3652,D,D,PK378,PK415,1,180.0,53.0,0.29444444444444445,0.29444444444444445
NV6313,NV3194,D,D,PK501,PK499,1,185.0,53.0,0.2864864864864865,0.2864864864864865
NV641,NV624,I,I,PK317,PK344,1,185.0,53.0,0.2864864864864865,0.2864864864864865
NV6753,NV846,D,I,PK378,PK370,1,255.0,73.0,0.28627450980392155,0.28627450980392155
NV6527,NV840,D,I,PK381,PK349,1,260.0,73.0,0.28076923076923077,0.28076923076923077
NV307,NV6528,I,D,PK334,PK381,1,290.0,81.0,0.2793103448275862,0.2793103448275862
NV665,NV316,I,I,PK468,PK112,1,190.0,53.0,0.2789473684210526,0.2789473684210526
NV6578,NV880,D,I,PK152,PK106,1,265.0,73.0,0.27547169811320754,0.27547169811320754
NV343,NV634,I,I,PK460,PK454,1,195.0,53.0,0.2717948717948718,0.2717948717948718
NV651,NV840,I,I,PK400,PK349,1,195.0,53.0,0.2717948717948718,0.2717948717948718
NV6443,NV6510,D,D,PK256,PK276,1,195.0,53.0,0.2717948717948718,0.2717948717948718
NV883,NV316,I,I,PK466,PK112,1,195.0,53.0,0.2717948717948718,0.2717948717948718
NV3622,NV320,D,I,PK134,PK131,1,270.0,73.0,0.27037037037037037,0.27037037037037037
NV3278,NV880,D,I,PK392,PK458,1,270.0,73.0,0.27037037037037037,0.27037037037037037
NV3702,NV688,D,I,PK330,PK347,1,270.0,73.0,0.27037037037037037,0.27037037037037037
NV6663,NV654,D,I,PK365,PK377,1,275.0,73.0,0.26545454545454544,0.26545454545454544
NV6645,NV694,D,I,PK479,PK453,1,275.0,73.0,0.26545454545454544,0.26545454545454544
NV305,NV690,I,I,PK270,PK208,1,200.0,53.0,0.265,0.265
NV6301,NV6325,D,D,PK346,PK380,1,200.0,53.0,0.265,0.265
NV883,NV6160,I,I,PK466,PK190,1,200.0,53.0,0.265,0.265
NV891,NV634,I,I,PK458,PK454,1,205.0,53.0,0.25853658536585367,0.25853658536585367
NV635,NV308,I,I,PK333,PK333,1,205.0,53.0,0.25853658536585367,0.25853658536585367
NV6655,NV6488,D,D,PK491,PK256,1,210.0,53.0,0.2523809523809524,0.2523809523809524
NV393,NV628,I,I,PK472,PK485,1,210.0,53.0,0.2523809523809524,0.2523809523809524
NV6313,NV6510,D,D,PK501,PK276,1,210.0,53.0,0.2523809523809524,0.2523809523809524
NV6697,NV692,D,I,PK478,PK089,1,290.0,73.0,0.2517241379310345,0.2517241379310345
NV6633,NV322,D,I,PK398,PK386,1,290.0,73.0,0.2517241379310345,0.2517241379310345
NV6655,NV674,D,I,PK491,PK280,1,290.0,73.0,0.2517241379310345,0.2517241379310345
NV6324,NV880,D,I,PK380,PK458,1,295.0,73.0,0.24745762711864408,0.24745762711864408
NV6739,NV654,D,I,PK357,PK377,1,295.0,73.0,0.24745762711864408,0.24745762711864408
NV665,NV628,I,I,PK468,PK485,1,215.0,53.0,0.24651162790697675,0.24651162790697675
NV698,NV690,D,I,PK487,PK208,1,300.0,73.0,0.24333333333333335,0.24333333333333335
NV3786,NV699,D,D,PK348,PK374,1,220.0,53.0,0.2409090909090909,0.2409090909090909
NV6533,NV6510,D,D,PK493,PK276,1,225.0,53.0,0.23555555555555555,0.23555555555555555
NV391,NV658,I,I,PK336,PK352,1,225.0,53.0,0.23555555555555555,0.23555555555555555
NV303,NV674,I,I,PK268,PK280,1,225.0,53.0,0.23555555555555555,0.23555555555555555
NV6135,NV670,I,I,PK475,PK468,1,230.0,53.0,0.23043478260869565,0.23043478260869565
NV3197,NV672,I,I,PK329,PK308,1,230.0,53.0,0.23043478260869565,0.23043478260869565
NV655,NV630,I,I,PK457,PK474,1,230.0,53.0,0.23043478260869565,0.23043478260869565
NV317,NV840,I,I,PK391,PK349,1,235.0,53.0,0.225531914893617,0.225531914893617
NV6749,NV6742,D,D,PK276,PK295,1,235.0,53.0,0.225531914893617,0.225531914893617
NV6663,NV3652,D,D,PK365,PK415,1,235.0,53.0,0.225531914893617,0.225531914893617
NV621,NV846,I,I,PK386,PK370,1,235.0,53.0,0.225531914893617,0.225531914893617
NV813,NV308,I,I,PK324,PK333,1,245.0,53.0,0.2163265306122449,0.2163265306122449
NV627,NV308,I,I,PK322,PK333,1,245.0,53.0,0.2163265306122449,0.2163265306122449
NV621,NV840,I,I,PK144,PK104,1,250.0,53.0,0.212,0.212
NV847,NV634,I,I,PK453,PK454,1,250.0,53.0,0.212,0.212
NV675,NV634,I,I,PK452,PK454,1,255.0,53.0,0.20784313725490197,0.20784313725490197
NV849,NV664,I,I,PK135,PK107,1,265.0,53.0,0.2,0.2
NV849,NV320,I,I,PK377,PK373,1,270.0,53.0,0.1962962962962963,0.1962962962962963
NV6157,NV698,I,I,PK467,PK487,1,270.0,53.0,0.1962962962962963,0.1962962962962963
NV849,NV882,I,I,PK377,PK338,1,275.0,53.0,0.19272727272727272,0.19272727272727272
NV849,NV608,I,I,PK135,PK108,1,280.0,53.0,0.18928571428571428,0.18928571428571428
NV633,NV608,I,I,PK133,PK108,1,285.0,53.0,0.18596491228070175,0.18596491228070175
NV673,NV608,I,I,PK131,PK108,1,290.0,53.0,0.18275862068965518,0.18275862068965518
NV6199,NV840,I,I,PK372,PK349,1,290.0,53.0,0.18275862068965518,0.18275862068965518
NV6685,NV831,D,D,PK300,PK353,1,290.0,53.0,0.18275862068965518,0.18275862068965518
NV6135,NV692,I,I,PK475,PK089,1,295.0,53.0,0.17966101694915254,0.17966101694915254
